    1	 -2.8350	 -2.8331
    1	 -2.8268	 -1.4171
    1	 -2.8284	  0.0060
    1	 -2.8290	  1.4116
    1	 -2.8333	  2.8349
    1	 -1.4209	 -2.8219
    1	 -1.4082	 -1.4072
    1	 -1.4111	 -0.0031
    1	 -1.4098	  1.4088
    1	 -1.4079	  2.8367
    1	  0.0057	 -2.8297
    1	  0.0056	 -1.4059
    1	  0.0039	  0.0054
    1	 -0.0048	  1.4088
    1	 -0.0054	  2.8230
    1	  1.4138	 -2.8310
    1	  1.4139	 -1.4156
    1	  1.4138	 -0.0032
    1	  1.4107	  1.4102
    1	  1.4126	  2.8339
    1	  2.8288	 -2.8219
    1	  2.8347	 -1.4184
    1	  2.8298	 -0.0050
    1	  2.8214	  1.4100
    1	  2.8260	  2.8239
    2	 -2.8415	 -2.8378
    2	 -2.8251	 -1.4200
    2	 -2.8285	  0.0120
    2	 -2.8295	  1.4090
    2	 -2.8382	  2.8415
    2	 -1.4276	 -2.8154
    2	 -1.4022	 -1.4001
    2	 -1.4080	 -0.0062
    2	 -1.4053	  1.4033
    2	 -1.4016	  2.8449
    2	  0.0114	 -2.8310
    2	  0.0112	 -1.3976
    2	  0.0079	  0.0109
    2	 -0.0096	  1.4033
    2	 -0.0109	  2.8175
    2	  1.4133	 -2.8336
    2	  1.4135	 -1.4170
    2	  1.4134	 -0.0064
    2	  1.4072	  1.4063
    2	  1.4109	  2.8393
    2	  2.8293	 -2.8154
    2	  2.8409	 -1.4226
    2	  2.8312	 -0.0100
    2	  2.8143	  1.4057
    2	  2.8235	  2.8193
    3	 -2.8481	 -2.8425
    3	 -2.8235	 -1.4230
    3	 -2.8285	  0.0180
    3	 -2.8300	  1.4064
    3	 -2.8431	  2.8480
    3	 -1.4342	 -2.8088
    3	 -1.3962	 -1.3931
    3	 -1.4049	 -0.0093
    3	 -1.4009	  1.3978
    3	 -1.3953	  2.8532
    3	  0.0170	 -2.8323
    3	  0.0167	 -1.3893
    3	  0.0118	  0.0163
    3	 -0.0144	  1.3979
    3	 -0.0163	  2.8120
    3	  1.4129	 -2.8362
    3	  1.4131	 -1.4183
    3	  1.4129	 -0.0096
    3	  1.4037	  1.4023
    3	  1.4093	  2.8447
    3	  2.8297	 -2.8089
    3	  2.8472	 -1.4268
    3	  2.8325	 -0.0150
    3	  2.8073	  1.4015
    3	  2.8211	  2.8148
    4	 -2.8547	 -2.8472
    4	 -2.8218	 -1.4259
    4	 -2.8285	  0.0240
    4	 -2.8306	  1.4038
    4	 -2.8479	  2.8545
    4	 -1.4409	 -2.8023
    4	 -1.3902	 -1.3860
    4	 -1.4018	 -0.0124
    4	 -1.3964	  1.3924
    4	 -1.3889	  2.8615
    4	  0.0227	 -2.8336
    4	  0.0223	 -1.3810
    4	  0.0157	  0.0218
    4	 -0.0192	  1.3924
    4	 -0.0217	  2.8065
    4	  1.4125	 -2.8388
    4	  1.4128	 -1.4197
    4	  1.4125	 -0.0128
    4	  1.4003	  1.3983
    4	  1.4077	  2.8502
    4	  2.8301	 -2.8024
    4	  2.8534	 -1.4310
    4	  2.8339	 -0.0200
    4	  2.8003	  1.3973
    4	  2.8186	  2.8103
    5	 -2.8612	 -2.8519
    5	 -2.8202	 -1.4288
    5	 -2.8285	  0.0300
    5	 -2.8311	  1.4011
    5	 -2.8528	  2.8610
    5	 -1.4476	 -2.7958
    5	 -1.3842	 -1.3790
    5	 -1.3987	 -0.0155
    5	 -1.3920	  1.3869
    5	 -1.3826	  2.8697
    5	  0.0284	 -2.8349
    5	  0.0279	 -1.3726
    5	  0.0196	  0.0272
    5	 -0.0240	  1.3870
    5	 -0.0272	  2.8010
    5	  1.4120	 -2.8413
    5	  1.4124	 -1.4211
    5	  1.4121	 -0.0160
    5	  1.3968	  1.3943
    5	  1.4060	  2.8556
    5	  2.8305	 -2.7959
    5	  2.8597	 -1.4351
    5	  2.8353	 -0.0250
    5	  2.7932	  1.3930
    5	  2.8162	  2.8057
    6	 -2.8678	 -2.8566
    6	 -2.8185	 -1.4317
    6	 -2.8285	  0.0361
    6	 -2.8317	  1.3985
    6	 -2.8577	  2.8675
    6	 -1.4543	 -2.7892
    6	 -1.3781	 -1.3719
    6	 -1.3957	 -0.0186
    6	 -1.3876	  1.3815
    6	 -1.3763	  2.8780
    6	  0.0341	 -2.8362
    6	  0.0335	 -1.3643
    6	  0.0236	  0.0326
    6	 -0.0288	  1.3815
    6	 -0.0326	  2.7956
    6	  1.4116	 -2.8439
    6	  1.4121	 -1.4224
    6	  1.4116	 -0.0191
    6	  1.3933	  1.3904
    6	  1.4044	  2.8611
    6	  2.8309	 -2.7893
    6	  2.8659	 -1.4393
    6	  2.8366	 -0.0300
    6	  2.7862	  1.3888
    6	  2.8137	  2.8012
    7	 -2.8743	 -2.8613
    7	 -2.8169	 -1.4346
    7	 -2.8285	  0.0421
    7	 -2.8322	  1.3959
    7	 -2.8625	  2.8741
    7	 -1.4609	 -2.7827
    7	 -1.3721	 -1.3649
    7	 -1.3926	 -0.0217
    7	 -1.3831	  1.3760
    7	 -1.3700	  2.8862
    7	  0.0398	 -2.8375
    7	  0.0391	 -1.3560
    7	  0.0275	  0.0381
    7	 -0.0336	  1.3761
    7	 -0.0380	  2.7901
    7	  1.4112	 -2.8465
    7	  1.4117	 -1.4238
    7	  1.4112	 -0.0223
    7	  1.3898	  1.3864
    7	  1.4027	  2.8665
    7	  2.8313	 -2.7828
    7	  2.8722	 -1.4435
    7	  2.8380	 -0.0350
    7	  2.7791	  1.3846
    7	  2.8113	  2.7966
    8	 -2.8809	 -2.8660
    8	 -2.8152	 -1.4375
    8	 -2.8285	  0.0481
    8	 -2.8327	  1.3933
    8	 -2.8674	  2.8806
    8	 -1.4676	 -2.7761
    8	 -1.3661	 -1.3578
    8	 -1.3895	 -0.0248
    8	 -1.3787	  1.3706
    8	 -1.3637	  2.8945
    8	  0.0455	 -2.8387
    8	  0.0446	 -1.3477
    8	  0.0314	  0.0435
    8	 -0.0384	  1.3706
    8	 -0.0435	  2.7846
    8	  1.4107	 -2.8491
    8	  1.4113	 -1.4252
    8	  1.4108	 -0.0255
    8	  1.3863	  1.3824
    8	  1.4011	  2.8719
    8	  2.8317	 -2.7763
    8	  2.8784	 -1.4477
    8	  2.8394	 -0.0400
    8	  2.7721	  1.3804
    8	  2.8088	  2.7921
    9	 -2.8875	 -2.8707
    9	 -2.8136	 -1.4404
    9	 -2.8286	  0.0541
    9	 -2.8333	  1.3907
    9	 -2.8723	  2.8871
    9	 -1.4743	 -2.7696
    9	 -1.3601	 -1.3508
    9	 -1.3864	 -0.0279
    9	 -1.3742	  1.3651
    9	 -1.3574	  2.9027
    9	  0.0511	 -2.8400
    9	  0.0502	 -1.3394
    9	  0.0354	  0.0489
    9	 -0.0432	  1.3652
    9	 -0.0489	  2.7791
    9	  1.4103	 -2.8517
    9	  1.4110	 -1.4266
    9	  1.4104	 -0.0287
    9	  1.3828	  1.3784
    9	  1.3995	  2.8774
    9	  2.8322	 -2.7698
    9	  2.8847	 -1.4519
    9	  2.8407	 -0.0450
    9	  2.7650	  1.3761
    9	  2.8063	  2.7875
   10	 -2.8940	 -2.8754
   10	 -2.8119	 -1.4433
   10	 -2.8286	  0.0601
   10	 -2.8338	  1.3881
   10	 -2.8772	  2.8936
   10	 -1.4810	 -2.7631
   10	 -1.3541	 -1.3437
   10	 -1.3833	 -0.0310
   10	 -1.3698	  1.3597
   10	 -1.3510	  2.9110
   10	  0.0568	 -2.8413
   10	  0.0558	 -1.3311
   10	  0.0393	  0.0544
   10	 -0.0480	  1.3597
   10	 -0.0543	  2.7737
   10	  1.4099	 -2.8543
   10	  1.4106	 -1.4279
   10	  1.4099	 -0.0319
   10	  1.3793	  1.3744
   10	  1.3978	  2.8828
   10	  2.8326	 -2.7633
   10	  2.8909	 -1.4561
   10	  2.8421	 -0.0500
   10	  2.7580	  1.3719
   10	  2.8039	  2.7830
   11	 -2.9006	 -2.8801
   11	 -2.8103	 -1.4463
   11	 -2.8286	  0.0661
   11	 -2.8344	  1.3855
   11	 -2.8820	  2.9001
   11	 -1.4876	 -2.7565
   11	 -1.3481	 -1.3367
   11	 -1.3802	 -0.0341
   11	 -1.3653	  1.3542
   11	 -1.3447	  2.9193
   11	  0.0625	 -2.8426
   11	  0.0614	 -1.3228
   11	  0.0432	  0.0598
   11	 -0.0528	  1.3543
   11	 -0.0597	  2.7682
   11	  1.4094	 -2.8568
   11	  1.4103	 -1.4293
   11	  1.4095	 -0.0351
   11	  1.3758	  1.3705
   11	  1.3962	  2.8883
   11	  2.8330	 -2.7568
   11	  2.8972	 -1.4603
   11	  2.8434	 -0.0550
   11	  2.7509	  1.3677
   11	  2.8014	  2.7784
   12	 -2.9071	 -2.8848
   12	 -2.8086	 -1.4492
   12	 -2.8286	  0.0721
   12	 -2.8349	  1.3828
   12	 -2.8869	  2.9067
   12	 -1.4943	 -2.7500
   12	 -1.3421	 -1.3297
   12	 -1.3771	 -0.0372
   12	 -1.3609	  1.3488
   12	 -1.3384	  2.9275
   12	  0.0682	 -2.8439
   12	  0.0670	 -1.3145
   12	  0.0471	  0.0653
   12	 -0.0576	  1.3488
   12	 -0.0652	  2.7627
   12	  1.4090	 -2.8594
   12	  1.4099	 -1.4307
   12	  1.4091	 -0.0383
   12	  1.3723	  1.3665
   12	  1.3946	  2.8937
   12	  2.8334	 -2.7503
   12	  2.9034	 -1.4645
   12	  2.8448	 -0.0600
   12	  2.7439	  1.3634
   12	  2.7990	  2.7739
   13	 -2.9137	 -2.8894
   13	 -2.8070	 -1.4521
   13	 -2.8286	  0.0781
   13	 -2.8354	  1.3802
   13	 -2.8918	  2.9132
   13	 -1.5010	 -2.7435
   13	 -1.3361	 -1.3226
   13	 -1.3740	 -0.0403
   13	 -1.3564	  1.3433
   13	 -1.3321	  2.9358
   13	  0.0739	 -2.8452
   13	  0.0725	 -1.3061
   13	  0.0511	  0.0707
   13	 -0.0624	  1.3434
   13	 -0.0706	  2.7572
   13	  1.4086	 -2.8620
   13	  1.4095	 -1.4320
   13	  1.4087	 -0.0415
   13	  1.3689	  1.3625
   13	  1.3929	  2.8991
   13	  2.8338	 -2.7438
   13	  2.9097	 -1.4686
   13	  2.8462	 -0.0650
   13	  2.7369	  1.3592
   13	  2.7965	  2.7694
   14	 -2.9203	 -2.8941
   14	 -2.8053	 -1.4550
   14	 -2.8286	  0.0841
   14	 -2.8360	  1.3776
   14	 -2.8967	  2.9197
   14	 -1.5077	 -2.7369
   14	 -1.3300	 -1.3156
   14	 -1.3709	 -0.0434
   14	 -1.3520	  1.3378
   14	 -1.3258	  2.9440
   14	  0.0796	 -2.8465
   14	  0.0781	 -1.2978
   14	  0.0550	  0.0761
   14	 -0.0672	  1.3379
   14	 -0.0760	  2.7518
   14	  1.4081	 -2.8646
   14	  1.4092	 -1.4334
   14	  1.4082	 -0.0447
   14	  1.3654	  1.3585
   14	  1.3913	  2.9046
   14	  2.8342	 -2.7372
   14	  2.9159	 -1.4728
   14	  2.8475	 -0.0700
   14	  2.7298	  1.3550
   14	  2.7941	  2.7648
   15	 -2.9268	 -2.8988
   15	 -2.8036	 -1.4579
   15	 -2.8286	  0.0901
   15	 -2.8365	  1.3750
   15	 -2.9015	  2.9262
   15	 -1.5143	 -2.7304
   15	 -1.3240	 -1.3085
   15	 -1.3678	 -0.0465
   15	 -1.3476	  1.3324
   15	 -1.3195	  2.9523
   15	  0.0852	 -2.8478
   15	  0.0837	 -1.2895
   15	  0.0589	  0.0816
   15	 -0.0720	  1.3325
   15	 -0.0815	  2.7463
   15	  1.4077	 -2.8672
   15	  1.4088	 -1.4348
   15	  1.4078	 -0.0479
   15	  1.3619	  1.3546
   15	  1.3896	  2.9100
   15	  2.8347	 -2.7307
   15	  2.9222	 -1.4770
   15	  2.8489	 -0.0750
   15	  2.7228	  1.3507
   15	  2.7916	  2.7603
   16	 -2.9334	 -2.9035
   16	 -2.8020	 -1.4608
   16	 -2.8287	  0.0962
   16	 -2.8371	  1.3724
   16	 -2.9064	  2.9327
   16	 -1.5210	 -2.7239
   16	 -1.3180	 -1.3015
   16	 -1.3647	 -0.0496
   16	 -1.3431	  1.3269
   16	 -1.3131	  2.9605
   16	  0.0909	 -2.8491
   16	  0.0893	 -1.2812
   16	  0.0629	  0.0870
   16	 -0.0768	  1.3270
   16	 -0.0869	  2.7408
   16	  1.4073	 -2.8698
   16	  1.4085	 -1.4362
   16	  1.4074	 -0.0510
   16	  1.3584	  1.3506
   16	  1.3880	  2.9155
   16	  2.8351	 -2.7242
   16	  2.9284	 -1.4812
   16	  2.8503	 -0.0800
   16	  2.7157	  1.3465
   16	  2.7892	  2.7557
   17	 -2.9400	 -2.9082
   17	 -2.8003	 -1.4637
   17	 -2.8287	  0.1022
   17	 -2.8376	  1.3698
   17	 -2.9113	  2.9393
   17	 -1.5277	 -2.7173
   17	 -1.3120	 -1.2944
   17	 -1.3616	 -0.0527
   17	 -1.3387	  1.3215
   17	 -1.3068	  2.9688
   17	  0.0966	 -2.8504
   17	  0.0949	 -1.2729
   17	  0.0668	  0.0925
   17	 -0.0816	  1.3216
   17	 -0.0923	  2.7353
   17	  1.4068	 -2.8723
   17	  1.4081	 -1.4375
   17	  1.4069	 -0.0542
   17	  1.3549	  1.3466
   17	  1.3864	  2.9209
   17	  2.8355	 -2.7177
   17	  2.9346	 -1.4854
   17	  2.8516	 -0.0850
   17	  2.7087	  1.3423
   17	  2.7867	  2.7512
   18	 -2.9465	 -2.9129
   18	 -2.7987	 -1.4666
   18	 -2.8287	  0.1082
   18	 -2.8381	  1.3672
   18	 -2.9162	  2.9458
   18	 -1.5344	 -2.7108
   18	 -1.3060	 -1.2874
   18	 -1.3585	 -0.0558
   18	 -1.3342	  1.3160
   18	 -1.3005	  2.9771
   18	  0.1023	 -2.8516
   18	  0.1004	 -1.2646
   18	  0.0707	  0.0979
   18	 -0.0864	  1.3162
   18	 -0.0978	  2.7299
   18	  1.4064	 -2.8749
   18	  1.4078	 -1.4389
   18	  1.4065	 -0.0574
   18	  1.3514	  1.3426
   18	  1.3847	  2.9263
   18	  2.8359	 -2.7112
   18	  2.9409	 -1.4896
   18	  2.8530	 -0.0900
   18	  2.7016	  1.3380
   18	  2.7843	  2.7466
   19	 -2.9531	 -2.9176
   19	 -2.7970	 -1.4696
   19	 -2.8287	  0.1142
   19	 -2.8387	  1.3645
   19	 -2.9210	  2.9523
   19	 -1.5410	 -2.7043
   19	 -1.3000	 -1.2803
   19	 -1.3554	 -0.0589
   19	 -1.3298	  1.3106
   19	 -1.2942	  2.9853
   19	  0.1080	 -2.8529
   19	  0.1060	 -1.2563
   19	  0.0747	  0.1033
   19	 -0.0912	  1.3107
   19	 -0.1032	  2.7244
   19	  1.4060	 -2.8775
   19	  1.4074	 -1.4403
   19	  1.4061	 -0.0606
   19	  1.3479	  1.3386
   19	  1.3831	  2.9318
   19	  2.8363	 -2.7047
   19	  2.9471	 -1.4938
   19	  2.8544	 -0.0950
   19	  2.6946	  1.3338
   19	  2.7818	  2.7421
   20	 -2.9596	 -2.9223
   20	 -2.7954	 -1.4725
   20	 -2.8287	  0.1202
   20	 -2.8392	  1.3619
   20	 -2.9259	  2.9588
   20	 -1.5477	 -2.6977
   20	 -1.2940	 -1.2733
   20	 -1.3523	 -0.0620
   20	 -1.3253	  1.3051
   20	 -1.2879	  2.9936
   20	  0.1137	 -2.8542
   20	  0.1116	 -1.2480
   20	  0.0786	  0.1088
   20	 -0.0960	  1.3053
   20	 -0.1086	  2.7189
   20	  1.4055	 -2.8801
   20	  1.4070	 -1.4416
   20	  1.4057	 -0.0638
   20	  1.3444	  1.3347
   20	  1.3815	  2.9372
   20	  2.8367	 -2.6982
   20	  2.9534	 -1.4980
   20	  2.8557	 -0.0999
   20	  2.6875	  1.3296
   20	  2.7794	  2.7375
   21	 -2.9662	 -2.9270
   21	 -2.7937	 -1.4754
   21	 -2.8287	  0.1262
   21	 -2.8398	  1.3593
   21	 -2.9308	  2.9653
   21	 -1.5544	 -2.6912
   21	 -1.2880	 -1.2662
   21	 -1.3492	 -0.0651
   21	 -1.3209	  1.2997
   21	 -1.2816	  3.0018
   21	  0.1193	 -2.8555
   21	  0.1172	 -1.2396
   21	  0.0825	  0.1142
   21	 -0.1008	  1.2998
   21	 -0.1141	  2.7134
   21	  1.4051	 -2.8827
   21	  1.4067	 -1.4430
   21	  1.4052	 -0.0670
   21	  1.3409	  1.3307
   21	  1.3798	  2.9427
   21	  2.8371	 -2.6916
   21	  2.9596	 -1.5021
   21	  2.8571	 -0.1049
   21	  2.6805	  1.3253
   21	  2.7769	  2.7330
   22	 -2.9728	 -2.9317
   22	 -2.7921	 -1.4783
   22	 -2.8288	  0.1322
   22	 -2.8403	  1.3567
   22	 -2.9357	  2.9719
   22	 -1.5611	 -2.6847
   22	 -1.2819	 -1.2592
   22	 -1.3462	 -0.0682
   22	 -1.3164	  1.2942
   22	 -1.2752	  3.0101
   22	  0.1250	 -2.8568
   22	  0.1228	 -1.2313
   22	  0.0864	  0.1196
   22	 -0.1056	  1.2944
   22	 -0.1195	  2.7080
   22	  1.4047	 -2.8853
   22	  1.4063	 -1.4444
   22	  1.4048	 -0.0702
   22	  1.3375	  1.3267
   22	  1.3782	  2.9481
   22	  2.8376	 -2.6851
   22	  2.9659	 -1.5063
   22	  2.8585	 -0.1099
   22	  2.6735	  1.3211
   22	  2.7745	  2.7285
   23	 -2.9793	 -2.9364
   23	 -2.7904	 -1.4812
   23	 -2.8288	  0.1382
   23	 -2.8408	  1.3541
   23	 -2.9405	  2.9784
   23	 -1.5677	 -2.6781
   23	 -1.2759	 -1.2521
   23	 -1.3431	 -0.0713
   23	 -1.3120	  1.2888
   23	 -1.2689	  3.0183
   23	  0.1307	 -2.8581
   23	  0.1283	 -1.2230
   23	  0.0904	  0.1251
   23	 -0.1104	  1.2889
   23	 -0.1249	  2.7025
   23	  1.4042	 -2.8878
   23	  1.4060	 -1.4458
   23	  1.4044	 -0.0734
   23	  1.3340	  1.3227
   23	  1.3765	  2.9535
   23	  2.8380	 -2.6786
   23	  2.9721	 -1.5105
   23	  2.8598	 -0.1149
   23	  2.6664	  1.3169
   23	  2.7720	  2.7239
   24	 -2.9859	 -2.9411
   24	 -2.7888	 -1.4841
   24	 -2.8288	  0.1442
   24	 -2.8414	  1.3515
   24	 -2.9454	  2.9849
   24	 -1.5744	 -2.6716
   24	 -1.2699	 -1.2451
   24	 -1.3400	 -0.0744
   24	 -1.3076	  1.2833
   24	 -1.2626	  3.0266
   24	  0.1364	 -2.8594
   24	  0.1339	 -1.2147
   24	  0.0943	  0.1305
   24	 -0.1152	  1.2835
   24	 -0.1304	  2.6970
   24	  1.4038	 -2.8904
   24	  1.4056	 -1.4471
   24	  1.4040	 -0.0766
   24	  1.3305	  1.3188
   24	  1.3749	  2.9590
   24	  2.8384	 -2.6721
   24	  2.9784	 -1.5147
   24	  2.8612	 -0.1199
   24	  2.6594	  1.3126
   24	  2.7695	  2.7194
   25	 -2.9924	 -2.9458
   25	 -2.7871	 -1.4870
   25	 -2.8288	  0.1502
   25	 -2.8419	  1.3489
   25	 -2.9503	  2.9914
   25	 -1.5811	 -2.6651
   25	 -1.2639	 -1.2380
   25	 -1.3369	 -0.0775
   25	 -1.3031	  1.2778
   25	 -1.2563	  3.0349
   25	  0.1421	 -2.8607
   25	  0.1395	 -1.2064
   25	  0.0982	  0.1360
   25	 -0.1200	  1.2780
   25	 -0.1358	  2.6915
   25	  1.4034	 -2.8930
   25	  1.4052	 -1.4485
   25	  1.4035	 -0.0798
   25	  1.3270	  1.3148
   25	  1.3733	  2.9644
   25	  2.8388	 -2.6656
   25	  2.9846	 -1.5189
   25	  2.8626	 -0.1249
   25	  2.6523	  1.3084
   25	  2.7671	  2.7148
   26	 -2.9990	 -2.9505
   26	 -2.7855	 -1.4900
   26	 -2.8288	  0.1562
   26	 -2.8425	  1.3463
   26	 -2.9552	  2.9979
   26	 -1.5878	 -2.6585
   26	 -1.2579	 -1.2310
   26	 -1.3338	 -0.0806
   26	 -1.2987	  1.2724
   26	 -1.2500	  3.0431
   26	  0.1477	 -2.8620
   26	  0.1451	 -1.1981
   26	  0.1022	  0.1414
   26	 -0.1248	  1.2726
   26	 -0.1412	  2.6861
   26	  1.4029	 -2.8956
   26	  1.4049	 -1.4499
   26	  1.4031	 -0.0829
   26	  1.3235	  1.3108
   26	  1.3716	  2.9698
   26	  2.8392	 -2.6591
   26	  2.9909	 -1.5231
   26	  2.8639	 -0.1299
   26	  2.6453	  1.3042
   26	  2.7646	  2.7103
   27	 -3.0056	 -2.9552
   27	 -2.7838	 -1.4929
   27	 -2.8288	  0.1623
   27	 -2.8430	  1.3436
   27	 -2.9600	  3.0045
   27	 -1.5944	 -2.6520
   27	 -1.2519	 -1.2239
   27	 -1.3307	 -0.0837
   27	 -1.2942	  1.2669
   27	 -1.2437	  3.0514
   27	  0.1534	 -2.8633
   27	  0.1507	 -1.1898
   27	  0.1061	  0.1468
   27	 -0.1296	  1.2671
   27	 -0.1467	  2.6806
   27	  1.4025	 -2.8982
   27	  1.4045	 -1.4512
   27	  1.4027	 -0.0861
   27	  1.3200	  1.3068
   27	  1.3700	  2.9753
   27	  2.8396	 -2.6526
   27	  2.9971	 -1.5273
   27	  2.8653	 -0.1349
   27	  2.6382	  1.2999
   27	  2.7622	  2.7057
   28	 -3.0121	 -2.9598
   28	 -2.7822	 -1.4958
   28	 -2.8288	  0.1683
   28	 -2.8435	  1.3410
   28	 -2.9649	  3.0110
   28	 -1.6011	 -2.6454
   28	 -1.2459	 -1.2169
   28	 -1.3276	 -0.0868
   28	 -1.2898	  1.2615
   28	 -1.2373	  3.0596
   28	  0.1591	 -2.8645
   28	  0.1562	 -1.1815
   28	  0.1100	  0.1523
   28	 -0.1344	  1.2617
   28	 -0.1521	  2.6751
   28	  1.4021	 -2.9007
   28	  1.4042	 -1.4526
   28	  1.4022	 -0.0893
   28	  1.3165	  1.3029
   28	  1.3683	  2.9807
   28	  2.8401	 -2.6461
   28	  3.0034	 -1.5315
   28	  2.8667	 -0.1399
   28	  2.6312	  1.2957
   28	  2.7597	  2.7012
   29	 -3.0187	 -2.9645
   29	 -2.7805	 -1.4987
   29	 -2.8289	  0.1743
   29	 -2.8441	  1.3384
   29	 -2.9698	  3.0174
   29	 -1.6078	 -2.6389
   29	 -1.2399	 -1.2099
   29	 -1.3245	 -0.0899
   29	 -1.2853	  1.2560
   29	 -1.2310	  3.0679
   29	  0.1648	 -2.8658
   29	  0.1618	 -1.1731
   29	  0.1139	  0.1577
   29	 -0.1392	  1.2562
   29	 -0.1575	  2.6696
   29	  1.4016	 -2.9033
   29	  1.4038	 -1.4540
   29	  1.4018	 -0.0925
   29	  1.3130	  1.2989
   29	  1.3667	  2.9862
   29	  2.8405	 -2.6395
   29	  3.0096	 -1.5356
   29	  2.8680	 -0.1449
   29	  2.6242	  1.2915
   29	  2.7573	  2.6967
   30	 -3.0252	 -2.9691
   30	 -2.7789	 -1.5016
   30	 -2.8289	  0.1803
   30	 -2.8446	  1.3358
   30	 -2.9747	  3.0238
   30	 -1.6145	 -2.6324
   30	 -1.2338	 -1.2028
   30	 -1.3214	 -0.0930
   30	 -1.2809	  1.2506
   30	 -1.2247	  3.0761
   30	  0.1705	 -2.8671
   30	  0.1674	 -1.1648
   30	  0.1179	  0.1632
   30	 -0.1440	  1.2508
   30	 -0.1629	  2.6642
   30	  1.4012	 -2.9059
   30	  1.4034	 -1.4554
   30	  1.4014	 -0.0957
   30	  1.3095	  1.2949
   30	  1.3651	  2.9916
   30	  2.8409	 -2.6330
   30	  3.0159	 -1.5398
   30	  2.8694	 -0.1499
   30	  2.6171	  1.2872
   30	  2.7548	  2.6921
   31	 -3.0318	 -2.9735
   31	 -2.7772	 -1.5045
   31	 -2.8289	  0.1863
   31	 -2.8451	  1.3332
   31	 -2.9795	  3.0302
   31	 -1.6211	 -2.6258
   31	 -1.2278	 -1.1958
   31	 -1.3183	 -0.0961
   31	 -1.2765	  1.2451
   31	 -1.2184	  3.0844
   31	  0.1762	 -2.8684
   31	  0.1730	 -1.1565
   31	  0.1218	  0.1686
   31	 -0.1488	  1.2453
   31	 -0.1684	  2.6587
   31	  1.4008	 -2.9085
   31	  1.4031	 -1.4567
   31	  1.4010	 -0.0989
   31	  1.3061	  1.2909
   31	  1.3634	  2.9970
   31	  2.8413	 -2.6266
   31	  3.0221	 -1.5440
   31	  2.8708	 -0.1549
   31	  2.6101	  1.2830
   31	  2.7524	  2.6876
   32	 -3.0384	 -2.9779
   32	 -2.7756	 -1.5074
   32	 -2.8289	  0.1923
   32	 -2.8457	  1.3306
   32	 -2.9844	  3.0363
   32	 -1.6278	 -2.6193
   32	 -1.2218	 -1.1888
   32	 -1.3152	 -0.0992
   32	 -1.2720	  1.2397
   32	 -1.2121	  3.0927
   32	  0.1818	 -2.8697
   32	  0.1786	 -1.1482
   32	  0.1257	  0.1740
   32	 -0.1536	  1.2399
   32	 -0.1738	  2.6532
   32	  1.4003	 -2.9111
   32	  1.4027	 -1.4581
   32	  1.4005	 -0.1021
   32	  1.3026	  1.2869
   32	  1.3618	  3.0025
   32	  2.8417	 -2.6201
   32	  3.0284	 -1.5481
   32	  2.8721	 -0.1599
   32	  2.6030	  1.2788
   32	  2.7499	  2.6830
   33	 -3.0450	 -2.9821
   33	 -2.7739	 -1.5103
   33	 -2.8289	  0.1983
   33	 -2.8462	  1.3280
   33	 -2.9892	  3.0423
   33	 -1.6345	 -2.6128
   33	 -1.2158	 -1.1818
   33	 -1.3121	 -0.1022
   33	 -1.2676	  1.2342
   33	 -1.2058	  3.1009
   33	  0.1875	 -2.8710
   33	  0.1841	 -1.1399
   33	  0.1297	  0.1794
   33	 -0.1584	  1.2345
   33	 -0.1792	  2.6477
   33	  1.3999	 -2.9137
   33	  1.4024	 -1.4595
   33	  1.4001	 -0.1053
   33	  1.2991	  1.2830
   33	  1.3602	  3.0079
   33	  2.8421	 -2.6137
   33	  3.0347	 -1.5521
   33	  2.8735	 -0.1649
   33	  2.5960	  1.2745
   33	  2.7475	  2.6785
   34	 -3.0516	 -2.9861
   34	 -2.7723	 -1.5133
   34	 -2.8289	  0.2043
   34	 -2.8468	  1.3253
   34	 -2.9941	  3.0481
   34	 -1.6412	 -2.6062
   34	 -1.2098	 -1.1750
   34	 -1.3091	 -0.1051
   34	 -1.2632	  1.2288
   34	 -1.1994	  3.1092
   34	  0.1932	 -2.8723
   34	  0.1897	 -1.1316
   34	  0.1336	  0.1847
   34	 -0.1632	  1.2292
   34	 -0.1847	  2.6423
   34	  1.3995	 -2.9162
   34	  1.4020	 -1.4608
   34	  1.3997	 -0.1085
   34	  1.2956	  1.2790
   34	  1.3585	  3.0134
   34	  2.8425	 -2.6075
   34	  3.0410	 -1.5561
   34	  2.8749	 -0.1699
   34	  2.5889	  1.2703
   34	  2.7450	  2.6739
   35	 -3.0582	 -2.9897
   35	 -2.7706	 -1.5162
   35	 -2.8289	  0.2103
   35	 -2.8473	  1.3227
   35	 -2.9989	  3.0537
   35	 -1.6478	 -2.5997
   35	 -1.2037	 -1.1682
   35	 -1.3060	 -0.1079
   35	 -1.2588	  1.2233
   35	 -1.1931	  3.1174
   35	  0.1989	 -2.8736
   35	  0.1953	 -1.1233
   35	  0.1376	  0.1900
   35	 -0.1680	  1.2239
   35	 -0.1901	  2.6368
   35	  1.3990	 -2.9188
   35	  1.4016	 -1.4622
   35	  1.3993	 -0.1117
   35	  1.2921	  1.2750
   35	  1.3569	  3.0188
   35	  2.8428	 -2.6013
   35	  3.0473	 -1.5599
   35	  2.8762	 -0.1749
   35	  2.5819	  1.2661
   35	  2.7426	  2.6694
   36	 -3.0648	 -2.9931
   36	 -2.7690	 -1.5191
   36	 -2.8290	  0.2163
   36	 -2.8478	  1.3201
   36	 -3.0037	  3.0588
   36	 -1.6545	 -2.5932
   36	 -1.1977	 -1.1616
   36	 -1.3029	 -0.1106
   36	 -1.2545	  1.2178
   36	 -1.1868	  3.1257
   36	  0.2046	 -2.8749
   36	  0.2009	 -1.1149
   36	  0.1416	  0.1951
   36	 -0.1728	  1.2187
   36	 -0.1955	  2.6313
   36	  1.3986	 -2.9214
   36	  1.4013	 -1.4636
   36	  1.3988	 -0.1149
   36	  1.2886	  1.2710
   36	  1.3552	  3.0242
   36	  2.8431	 -2.5953
   36	  3.0536	 -1.5636
   36	  2.8776	 -0.1799
   36	  2.5748	  1.2618
   36	  2.7401	  2.6648
   37	 -3.0715	 -2.9961
   37	 -2.7673	 -1.5220
   37	 -2.8290	  0.2223
   37	 -2.8484	  1.3176
   37	 -3.0085	  3.0636
   37	 -1.6612	 -2.5866
   37	 -1.1916	 -1.1552
   37	 -1.2999	 -0.1131
   37	 -1.2502	  1.2124
   37	 -1.1806	  3.1340
   37	  0.2103	 -2.8761
   37	  0.2065	 -1.1066
   37	  0.1457	  0.2002
   37	 -0.1775	  1.2137
   37	 -0.2009	  2.6258
   37	  1.3982	 -2.9240
   37	  1.4009	 -1.4650
   37	  1.3984	 -0.1180
   37	  1.2851	  1.2671
   37	  1.3536	  3.0297
   37	  2.8434	 -2.5895
   37	  3.0600	 -1.5671
   37	  2.8790	 -0.1849
   37	  2.5678	  1.2576
   37	  2.7377	  2.6603
   38	 -3.0781	 -2.9986
   38	 -2.7657	 -1.5249
   38	 -2.8290	  0.2282
   38	 -2.8489	  1.3151
   38	 -3.0132	  3.0680
   38	 -1.6679	 -2.5801
   38	 -1.1855	 -1.1489
   38	 -1.2969	 -0.1153
   38	 -1.2461	  1.2069
   38	 -1.1743	  3.1423
   38	  0.2159	 -2.8774
   38	  0.2120	 -1.0983
   38	  0.1498	  0.2051
   38	 -0.1821	  1.2088
   38	 -0.2063	  2.6203
   38	  1.3977	 -2.9266
   38	  1.4006	 -1.4663
   38	  1.3980	 -0.1212
   38	  1.2816	  1.2631
   38	  1.3520	  3.0351
   38	  2.8436	 -2.5839
   38	  3.0664	 -1.5703
   38	  2.8803	 -0.1899
   38	  2.5608	  1.2534
   38	  2.7352	  2.6558
   39	 -3.0849	 -3.0005
   39	 -2.7640	 -1.5278
   39	 -2.8290	  0.2340
   39	 -2.8495	  1.3126
   39	 -3.0179	  3.0718
   39	 -1.6745	 -2.5736
   39	 -1.1794	 -1.1430
   39	 -1.2939	 -0.1173
   39	 -1.2422	  1.2015
   39	 -1.1681	  3.1506
   39	  0.2216	 -2.8787
   39	  0.2176	 -1.0900
   39	  0.1539	  0.2098
   39	 -0.1866	  1.2040
   39	 -0.2116	  2.6148
   39	  1.3973	 -2.9291
   39	  1.4002	 -1.4677
   39	  1.3975	 -0.1244
   39	  1.2781	  1.2591
   39	  1.3503	  3.0405
   39	  2.8438	 -2.5786
   39	  3.0729	 -1.5733
   39	  2.8817	 -0.1949
   39	  2.5537	  1.2491
   39	  2.7327	  2.6512
   40	 -3.0916	 -3.0019
   40	 -2.7623	 -1.5307
   40	 -2.8290	  0.2398
   40	 -2.8500	  1.3103
   40	 -3.0226	  3.0750
   40	 -1.6812	 -2.5670
   40	 -1.1732	 -1.1373
   40	 -1.2910	 -0.1190
   40	 -1.2384	  1.1960
   40	 -1.1619	  3.1589
   40	  0.2273	 -2.8800
   40	  0.2232	 -1.0817
   40	  0.1581	  0.2144
   40	 -0.1910	  1.1995
   40	 -0.2169	  2.6092
   40	  1.3969	 -2.9317
   40	  1.3999	 -1.4691
   40	  1.3971	 -0.1276
   40	  1.2747	  1.2551
   40	  1.3487	  3.0459
   40	  2.8439	 -2.5736
   40	  3.0795	 -1.5759
   40	  2.8831	 -0.1999
   40	  2.5467	  1.2449
   40	  2.7303	  2.6467
   41	 -3.0984	 -3.0027
   41	 -2.7607	 -1.5337
   41	 -2.8290	  0.2454
   41	 -2.8506	  1.3080
   41	 -3.0272	  3.0775
   41	 -1.6879	 -2.5605
   41	 -1.1670	 -1.1321
   41	 -1.2880	 -0.1204
   41	 -1.2348	  1.1906
   41	 -1.1558	  3.1673
   41	  0.2330	 -2.8813
   41	  0.2288	 -1.0734
   41	  0.1624	  0.2187
   41	 -0.1953	  1.1951
   41	 -0.2221	  2.6036
   41	  1.3964	 -2.9341
   41	  1.3995	 -1.4704
   41	  1.3967	 -0.1308
   41	  1.2712	  1.2512
   41	  1.3470	  3.0512
   41	  2.8439	 -2.5690
   41	  3.0861	 -1.5783
   41	  2.8844	 -0.2049
   41	  2.5396	  1.2407
   41	  2.7278	  2.6421
   42	 -3.1053	 -3.0027
   42	 -2.7590	 -1.5366
   42	 -2.8290	  0.2509
   42	 -2.8511	  1.3060
   42	 -3.0318	  3.0794
   42	 -1.6946	 -2.5540
   42	 -1.1608	 -1.1272
   42	 -1.2852	 -0.1213
   42	 -1.2315	  1.1851
   42	 -1.1498	  3.1757
   42	  0.2387	 -2.8826
   42	  0.2344	 -1.0651
   42	  0.1668	  0.2228
   42	 -0.1994	  1.1911
   42	 -0.2273	  2.5980
   42	  1.3960	 -2.9365
   42	  1.3991	 -1.4718
   42	  1.3963	 -0.1340
   42	  1.2677	  1.2472
   42	  1.3454	  3.0565
   42	  2.8439	 -2.5648
   42	  3.0929	 -1.5802
   42	  2.8858	 -0.2099
   42	  2.5326	  1.2364
   42	  2.7254	  2.6376
   43	 -3.1122	 -3.0021
   43	 -2.7574	 -1.5395
   43	 -2.8290	  0.2562
   43	 -2.8517	  1.3041
   43	 -3.0364	  3.0806
   43	 -1.7012	 -2.5474
   43	 -1.1545	 -1.1228
   43	 -1.2824	 -0.1217
   43	 -1.2285	  1.1797
   43	 -1.1437	  3.1841
   43	  0.2444	 -2.8839
   43	  0.2399	 -1.0568
   43	  0.1713	  0.2266
   43	 -0.2033	  1.1873
   43	 -0.2324	  2.5924
   43	  1.3956	 -2.9388
   43	  1.3988	 -1.4732
   43	  1.3958	 -0.1372
   43	  1.2642	  1.2432
   43	  1.3437	  3.0617
   43	  2.8437	 -2.5609
   43	  3.0997	 -1.5817
   43	  2.8871	 -0.2149
   43	  2.5255	  1.2322
   43	  2.7229	  2.6330
   44	 -3.1191	 -3.0008
   44	 -2.7557	 -1.5424
   44	 -2.8290	  0.2612
   44	 -2.8522	  1.3024
   44	 -3.0408	  3.0811
   44	 -1.7079	 -2.5409
   44	 -1.1481	 -1.1189
   44	 -1.2796	 -0.1217
   44	 -1.2259	  1.1742
   44	 -1.1378	  3.1926
   44	  0.2500	 -2.8852
   44	  0.2455	 -1.0484
   44	  0.1759	  0.2301
   44	 -0.2069	  1.1838
   44	 -0.2375	  2.5867
   44	  1.3952	 -2.9410
   44	  1.3984	 -1.4746
   44	  1.3954	 -0.1404
   44	  1.2607	  1.2392
   44	  1.3421	  3.0667
   44	  2.8434	 -2.5576
   44	  3.1067	 -1.5827
   44	  2.8885	 -0.2199
   44	  2.5185	  1.2280
   44	  2.7205	  2.6285
   45	 -3.1261	 -2.9987
   45	 -2.7541	 -1.5453
   45	 -2.8290	  0.2660
   45	 -2.8528	  1.3010
   45	 -3.0453	  3.0809
   45	 -1.7146	 -2.5344
   45	 -1.1417	 -1.1155
   45	 -1.2770	 -0.1211
   45	 -1.2237	  1.1687
   45	 -1.1319	  3.2011
   45	  0.2557	 -2.8865
   45	  0.2511	 -1.0401
   45	  0.1806	  0.2332
   45	 -0.2103	  1.1806
   45	 -0.2425	  2.5809
   45	  1.3948	 -2.9431
   45	  1.3981	 -1.4759
   45	  1.3950	 -0.1436
   45	  1.2572	  1.2352
   45	  1.3404	  3.0716
   45	  2.8429	 -2.5547
   45	  3.1138	 -1.5832
   45	  2.8899	 -0.2249
   45	  2.5115	  1.2237
   45	  2.7180	  2.6239
   46	 -3.1332	 -2.9961
   46	 -2.7524	 -1.5482
   46	 -2.8290	  0.2706
   46	 -2.8534	  1.2999
   46	 -3.0496	  3.0801
   46	 -1.7213	 -2.5278
   46	 -1.1352	 -1.1127
   46	 -1.2744	 -0.1200
   46	 -1.2220	  1.1633
   46	 -1.1261	  3.2096
   46	  0.2614	 -2.8878
   46	  0.2567	 -1.0318
   46	  0.1854	  0.2361
   46	 -0.2133	  1.1778
   46	 -0.2474	  2.5752
   46	  1.3944	 -2.9449
   46	  1.3977	 -1.4773
   46	  1.3946	 -0.1468
   46	  1.2537	  1.2313
   46	  1.3388	  3.0763
   46	  2.8424	 -2.5523
   46	  3.1210	 -1.5833
   46	  2.8912	 -0.2299
   46	  2.5044	  1.2195
   46	  2.7156	  2.6194
   47	 -3.1403	 -2.9928
   47	 -2.7508	 -1.5511
   47	 -2.8290	  0.2747
   47	 -2.8539	  1.2991
   47	 -3.0540	  3.0786
   47	 -1.7279	 -2.5213
   47	 -1.1286	 -1.1104
   47	 -1.2719	 -0.1183
   47	 -1.2207	  1.1578
   47	 -1.1203	  3.2183
   47	  0.2671	 -2.8890
   47	  0.2623	 -1.0235
   47	  0.1905	  0.2386
   47	 -0.2160	  1.1753
   47	 -0.2523	  2.5693
   47	  1.3940	 -2.9466
   47	  1.3973	 -1.4787
   47	  1.3941	 -0.1499
   47	  1.2502	  1.2273
   47	  1.3371	  3.0808
   47	  2.8416	 -2.5504
   47	  3.1284	 -1.5829
   47	  2.8926	 -0.2349
   47	  2.4974	  1.2153
   47	  2.7131	  2.6149
   48	 -3.1475	 -2.9889
   48	 -2.7491	 -1.5540
   48	 -2.8289	  0.2786
   48	 -2.8545	  1.2986
   48	 -3.0582	  3.0765
   48	 -1.7346	 -2.5147
   48	 -1.1219	 -1.1087
   48	 -1.2694	 -0.1160
   48	 -1.2201	  1.1523
   48	 -1.1146	  3.2269
   48	  0.2728	 -2.8903
   48	  0.2678	 -1.0152
   48	  0.1956	  0.2407
   48	 -0.2183	  1.1732
   48	 -0.2571	  2.5635
   48	  1.3936	 -2.9480
   48	  1.3970	 -1.4800
   48	  1.3937	 -0.1531
   48	  1.2467	  1.2233
   48	  1.3354	  3.0851
   48	  2.8408	 -2.5490
   48	  3.1359	 -1.5819
   48	  2.8940	 -0.2399
   48	  2.4903	  1.2110
   48	  2.7107	  2.6103
   49	 -3.1547	 -2.9845
   49	 -2.7475	 -1.5570
   49	 -2.8289	  0.2820
   49	 -2.8551	  1.2986
   49	 -3.0625	  3.0740
   49	 -1.7413	 -2.5082
   49	 -1.1151	 -1.1076
   49	 -1.2671	 -0.1132
   49	 -1.2200	  1.1468
   49	 -1.1090	  3.2356
   49	  0.2784	 -2.8916
   49	  0.2734	 -1.0069
   49	  0.2010	  0.2424
   49	 -0.2202	  1.1715
   49	 -0.2618	  2.5575
   49	  1.3933	 -2.9492
   49	  1.3966	 -1.4814
   49	  1.3933	 -0.1563
   49	  1.2433	  1.2193
   49	  1.3337	  3.0892
   49	  2.8398	 -2.5481
   49	  3.1436	 -1.5806
   49	  2.8953	 -0.2449
   49	  2.4833	  1.2068
   49	  2.7082	  2.6058
   50	 -3.1619	 -2.9797
   50	 -2.7458	 -1.5599
   50	 -2.8288	  0.2850
   50	 -2.8557	  1.2990
   50	 -3.0666	  3.0710
   50	 -1.7480	 -2.5017
   50	 -1.1083	 -1.1070
   50	 -1.2648	 -0.1099
   50	 -1.2204	  1.1413
   50	 -1.1034	  3.2444
   50	  0.2841	 -2.8929
   50	  0.2790	 -0.9986
   50	  0.2065	  0.2438
   50	 -0.2216	  1.1701
   50	 -0.2665	  2.5516
   50	  1.3929	 -2.9501
   50	  1.3963	 -1.4828
   50	  1.3928	 -0.1595
   50	  1.2398	  1.2154
   50	  1.3319	  3.0929
   50	  2.8386	 -2.5476
   50	  3.1514	 -1.5788
   50	  2.8967	 -0.2499
   50	  2.4762	  1.2026
   50	  2.7058	  2.6012
   51	 -3.1692	 -2.9746
   51	 -2.7442	 -1.5628
   51	 -2.8288	  0.2875
   51	 -2.8563	  1.2999
   51	 -3.0708	  3.0677
   51	 -1.7546	 -2.4951
   51	 -1.1014	 -1.1069
   51	 -1.2626	 -0.1061
   51	 -1.2215	  1.1357
   51	 -1.0979	  3.2531
   51	  0.2898	 -2.8942
   51	  0.2846	 -0.9903
   51	  0.2122	  0.2448
   51	 -0.2226	  1.1692
   51	 -0.2711	  2.5456
   51	  1.3926	 -2.9506
   51	  1.3959	 -1.4842
   51	  1.3924	 -0.1627
   51	  1.2363	  1.2114
   51	  1.3302	  3.0963
   51	  2.8374	 -2.5475
   51	  3.1593	 -1.5765
   51	  2.8981	 -0.2549
   51	  2.4692	  1.1983
   51	  2.7033	  2.5967
   52	 -3.1765	 -2.9691
   52	 -2.7425	 -1.5657
   52	 -2.8287	  0.2895
   52	 -2.8570	  1.3012
   52	 -3.0749	  3.0641
   52	 -1.7613	 -2.4886
   52	 -1.0944	 -1.1073
   52	 -1.2605	 -0.1018
   52	 -1.2233	  1.1302
   52	 -1.0924	  3.2620
   52	  0.2954	 -2.8955
   52	  0.2902	 -0.9819
   52	  0.2180	  0.2455
   52	 -0.2232	  1.1686
   52	 -0.2757	  2.5395
   52	  1.3924	 -2.9508
   52	  1.3955	 -1.4855
   52	  1.3920	 -0.1659
   52	  1.2328	  1.2074
   52	  1.3284	  3.0993
   52	  2.8360	 -2.5477
   52	  3.1674	 -1.5740
   52	  2.8994	 -0.2599
   52	  2.4621	  1.1941
   52	  2.7009	  2.5921
   53	 -3.1839	 -2.9634
   53	 -2.7409	 -1.5686
   53	 -2.8286	  0.2911
   53	 -2.8576	  1.3030
   53	 -3.0790	  3.0602
   53	 -1.7680	 -2.4821
   53	 -1.0873	 -1.1080
   53	 -1.2585	 -0.0971
   53	 -1.2255	  1.1246
   53	 -1.0870	  3.2709
   53	  0.3010	 -2.8968
   53	  0.2957	 -0.9736
   53	  0.2240	  0.2458
   53	 -0.2233	  1.1684
   53	 -0.2803	  2.5334
   53	  1.3922	 -2.9506
   53	  1.3952	 -1.4869
   53	  1.3916	 -0.1691
   53	  1.2293	  1.2034
   53	  1.3266	  3.1020
   53	  2.8345	 -2.5483
   53	  3.1755	 -1.5711
   53	  2.9008	 -0.2649
   53	  2.4551	  1.1899
   53	  2.6984	  2.5876
   54	 -3.1912	 -2.9575
   54	 -2.7392	 -1.5715
   54	 -2.8285	  0.2923
   54	 -2.8583	  1.3053
   54	 -3.0831	  3.0561
   54	 -1.7747	 -2.4755
   54	 -1.0802	 -1.1091
   54	 -1.2565	 -0.0920
   54	 -1.2284	  1.1190
   54	 -1.0817	  3.2798
   54	  0.3065	 -2.8981
   54	  0.3013	 -0.9653
   54	  0.2302	  0.2458
   54	 -0.2231	  1.1685
   54	 -0.2847	  2.5273
   54	  1.3921	 -2.9500
   54	  1.3948	 -1.4883
   54	  1.3911	 -0.1723
   54	  1.2258	  1.1995
   54	  1.3248	  3.1042
   54	  2.8329	 -2.5491
   54	  3.1838	 -1.5679
   54	  2.9022	 -0.2699
   54	  2.4481	  1.1856
   54	  2.6959	  2.5830
   55	 -3.1986	 -2.9514
   55	 -2.7376	 -1.5744
   55	 -2.8284	  0.2929
   55	 -2.8590	  1.3081
   55	 -3.0872	  3.0519
   55	 -1.7813	 -2.4690
   55	 -1.0731	 -1.1105
   55	 -1.2545	 -0.0866
   55	 -1.2318	  1.1134
   55	 -1.0763	  3.2887
   55	  0.3120	 -2.8993
   55	  0.3069	 -0.9570
   55	  0.2365	  0.2455
   55	 -0.2224	  1.1690
   55	 -0.2892	  2.5211
   55	  1.3921	 -2.9490
   55	  1.3945	 -1.4896
   55	  1.3907	 -0.1755
   55	  1.2223	  1.1955
   55	  1.3230	  3.1061
   55	  2.8312	 -2.5502
   55	  3.1921	 -1.5645
   55	  2.9035	 -0.2749
   55	  2.4410	  1.1814
   55	  2.6935	  2.5785
   56	 -3.2060	 -2.9453
   56	 -2.7359	 -1.5773
   56	 -2.8282	  0.2931
   56	 -2.8596	  1.3112
   56	 -3.0912	  3.0475
   56	 -1.7880	 -2.4625
   56	 -1.0658	 -1.1122
   56	 -1.2527	 -0.0810
   56	 -1.2357	  1.1077
   56	 -1.0710	  3.2977
   56	  0.3173	 -2.9006
   56	  0.3125	 -0.9487
   56	  0.2429	  0.2449
   56	 -0.2214	  1.1698
   56	 -0.2936	  2.5149
   56	  1.3922	 -2.9476
   56	  1.3941	 -1.4910
   56	  1.3903	 -0.1787
   56	  1.2188	  1.1915
   56	  1.3211	  3.1075
   56	  2.8295	 -2.5515
   56	  3.2005	 -1.5609
   56	  2.9049	 -0.2799
   56	  2.4340	  1.1772
   56	  2.6910	  2.5740
   57	 -3.2133	 -2.9390
   57	 -2.7343	 -1.5803
   57	 -2.8281	  0.2929
   57	 -2.8603	  1.3148
   57	 -3.0953	  3.0431
   57	 -1.7947	 -2.4559
   57	 -1.0586	 -1.1141
   57	 -1.2508	 -0.0752
   57	 -1.2400	  1.1021
   57	 -1.0657	  3.3067
   57	  0.3226	 -2.9019
   57	  0.3181	 -0.9404
   57	  0.2495	  0.2440
   57	 -0.2201	  1.1709
   57	 -0.2980	  2.5087
   57	  1.3925	 -2.9458
   57	  1.3938	 -1.4924
   57	  1.3899	 -0.1819
   57	  1.2153	  1.1875
   57	  1.3192	  3.1085
   57	  2.8276	 -2.5529
   57	  3.2090	 -1.5571
   57	  2.9063	 -0.2849
   57	  2.4269	  1.1729
   57	  2.6886	  2.5694
   58	 -3.2207	 -2.9328
   58	 -2.7326	 -1.5832
   58	 -2.8279	  0.2923
   58	 -2.8611	  1.3188
   58	 -3.0993	  3.0386
   58	 -1.8014	 -2.4494
   58	 -1.0513	 -1.1162
   58	 -1.2490	 -0.0691
   58	 -1.2447	  1.0963
   58	 -1.0604	  3.3157
   58	  0.3277	 -2.9031
   58	  0.3236	 -0.9321
   58	  0.2563	  0.2429
   58	 -0.2186	  1.1722
   58	 -0.3024	  2.5025
   58	  1.3929	 -2.9435
   58	  1.3934	 -1.4938
   58	  1.3894	 -0.1850
   58	  1.2119	  1.1835
   58	  1.3172	  3.1091
   58	  2.8257	 -2.5545
   58	  3.2175	 -1.5532
   58	  2.9076	 -0.2899
   58	  2.4199	  1.1687
   58	  2.6861	  2.5649
   59	 -3.2279	 -2.9265
   59	 -2.7310	 -1.5861
   59	 -2.8278	  0.2914
   59	 -2.8618	  1.3232
   59	 -3.1033	  3.0341
   59	 -1.8080	 -2.4429
   59	 -1.0440	 -1.1184
   59	 -1.2472	 -0.0630
   59	 -1.2497	  1.0906
   59	 -1.0552	  3.3248
   59	  0.3327	 -2.9044
   59	  0.3292	 -0.9237
   59	  0.2631	  0.2416
   59	 -0.2168	  1.1738
   59	 -0.3068	  2.4962
   59	  1.3935	 -2.9409
   59	  1.3930	 -1.4951
   59	  1.3890	 -0.1882
   59	  1.2084	  1.1796
   59	  1.3153	  3.1093
   59	  2.8237	 -2.5561
   59	  3.2261	 -1.5492
   59	  2.9090	 -0.2948
   59	  2.4128	  1.1645
   59	  2.6837	  2.5603
   60	 -3.2351	 -2.9202
   60	 -2.7293	 -1.5890
   60	 -2.8276	  0.2901
   60	 -2.8625	  1.3278
   60	 -3.1074	  3.0296
   60	 -1.8147	 -2.4363
   60	 -1.0366	 -1.1207
   60	 -1.2454	 -0.0567
   60	 -1.2550	  1.0849
   60	 -1.0499	  3.3338
   60	  0.3376	 -2.9057
   60	  0.3348	 -0.9154
   60	  0.2700	  0.2401
   60	 -0.2148	  1.1756
   60	 -0.3112	  2.4899
   60	  1.3942	 -2.9379
   60	  1.3927	 -1.4965
   60	  1.3886	 -0.1914
   60	  1.2049	  1.1756
   60	  1.3133	  3.1092
   60	  2.8216	 -2.5578
   60	  3.2347	 -1.5451
   60	  2.9104	 -0.2998
   60	  2.4058	  1.1603
   60	  2.6812	  2.5558
   61	 -3.2422	 -2.9140
   61	 -2.7276	 -1.5919
   61	 -2.8274	  0.2886
   61	 -2.8633	  1.3327
   61	 -3.1114	  3.0251
   61	 -1.8214	 -2.4298
   61	 -1.0293	 -1.1231
   61	 -1.2437	 -0.0504
   61	 -1.2606	  1.0791
   61	 -1.0447	  3.3428
   61	  0.3422	 -2.9069
   61	  0.3404	 -0.9071
   61	  0.2770	  0.2384
   61	 -0.2127	  1.1776
   61	 -0.3155	  2.4837
   61	  1.3952	 -2.9346
   61	  1.3923	 -1.4979
   61	  1.3881	 -0.1946
   61	  1.2014	  1.1716
   61	  1.3113	  3.1086
   61	  2.8193	 -2.5595
   61	  3.2432	 -1.5410
   61	  2.9117	 -0.3048
   61	  2.3988	  1.1560
   61	  2.6788	  2.5512
   62	 -3.2492	 -2.9078
   62	 -2.7259	 -1.5948
   62	 -2.8272	  0.2868
   62	 -2.8640	  1.3379
   62	 -3.1154	  3.0206
   62	 -1.8281	 -2.4233
   62	 -1.0219	 -1.1256
   62	 -1.2419	 -0.0440
   62	 -1.2663	  1.0733
   62	 -1.0394	  3.3519
   62	  0.3467	 -2.9082
   62	  0.3460	 -0.8988
   62	  0.2841	  0.2366
   62	 -0.2105	  1.1798
   62	 -0.3199	  2.4774
   62	  1.3964	 -2.9309
   62	  1.3920	 -1.4992
   62	  1.3877	 -0.1978
   62	  1.1979	  1.1676
   62	  1.3092	  3.1078
   62	  2.8170	 -2.5612
   62	  3.2518	 -1.5368
   62	  2.9131	 -0.3098
   62	  2.3917	  1.1518
   62	  2.6763	  2.5467
   63	 -3.2561	 -2.9017
   63	 -2.7241	 -1.5977
   63	 -2.8270	  0.2849
   63	 -2.8648	  1.3433
   63	 -3.1195	  3.0161
   63	 -1.8347	 -2.4167
   63	 -1.0146	 -1.1280
   63	 -1.2402	 -0.0376
   63	 -1.2723	  1.0675
   63	 -1.0342	  3.3609
   63	  0.3510	 -2.9094
   63	  0.3515	 -0.8905
   63	  0.2913	  0.2346
   63	 -0.2081	  1.1821
   63	 -0.3243	  2.4712
   63	  1.3978	 -2.9270
   63	  1.3916	 -1.5006
   63	  1.3873	 -0.2010
   63	  1.1944	  1.1637
   63	  1.3072	  3.1067
   63	  2.8144	 -2.5628
   63	  3.2603	 -1.5326
   63	  2.9145	 -0.3148
   63	  2.3847	  1.1476
   63	  2.6739	  2.5422
   64	 -3.2628	 -2.8956
   64	 -2.7223	 -1.6007
   64	 -2.8268	  0.2827
   64	 -2.8655	  1.3488
   64	 -3.1235	  3.0116
   64	 -1.8414	 -2.4102
   64	 -1.0072	 -1.1305
   64	 -1.2384	 -0.0312
   64	 -1.2783	  1.0617
   64	 -1.0289	  3.3700
   64	  0.3550	 -2.9106
   64	  0.3571	 -0.8822
   64	  0.2985	  0.2325
   64	 -0.2057	  1.1845
   64	 -0.3286	  2.4649
   64	  1.3995	 -2.9228
   64	  1.3912	 -1.5020
   64	  1.3869	 -0.2042
   64	  1.1909	  1.1597
   64	  1.3051	  3.1053
   64	  2.8117	 -2.5644
   64	  3.2687	 -1.5285
   64	  2.9158	 -0.3198
   64	  2.3776	  1.1433
   64	  2.6714	  2.5376
   65	 -3.2693	 -2.8896
   65	 -2.7203	 -1.6036
   65	 -2.8266	  0.2805
   65	 -2.8663	  1.3545
   65	 -3.1275	  3.0071
   65	 -1.8481	 -2.4037
   65	 -0.9998	 -1.1330
   65	 -1.2367	 -0.0248
   65	 -1.2844	  1.0560
   65	 -1.0237	  3.3790
   65	  0.3588	 -2.9119
   65	  0.3627	 -0.8739
   65	  0.3057	  0.2304
   65	 -0.2033	  1.1871
   65	 -0.3330	  2.4587
   65	  1.4014	 -2.9184
   65	  1.3909	 -1.5034
   65	  1.3864	 -0.2074
   65	  1.1874	  1.1557
   65	  1.3030	  3.1037
   65	  2.8089	 -2.5659
   65	  3.2771	 -1.5243
   65	  2.9172	 -0.3248
   65	  2.3706	  1.1391
   65	  2.6690	  2.5331
   66	 -3.2755	 -2.8837
   66	 -2.7183	 -1.6065
   66	 -2.8264	  0.2781
   66	 -2.8671	  1.3602
   66	 -3.1316	  3.0026
   66	 -1.8548	 -2.3971
   66	 -0.9925	 -1.1355
   66	 -1.2350	 -0.0186
   66	 -1.2906	  1.0503
   66	 -1.0184	  3.3880
   66	  0.3623	 -2.9131
   66	  0.3683	 -0.8656
   66	  0.3130	  0.2282
   66	 -0.2008	  1.1897
   66	 -0.3374	  2.4524
   66	  1.4036	 -2.9138
   66	  1.3905	 -1.5047
   66	  1.3860	 -0.2106
   66	  1.1839	  1.1517
   66	  1.3008	  3.1019
   66	  2.8058	 -2.5674
   66	  3.2853	 -1.5201
   66	  2.9186	 -0.3298
   66	  2.3635	  1.1349
   66	  2.6665	  2.5285
   67	 -3.2815	 -2.8778
   67	 -2.7162	 -1.6095
   67	 -2.8261	  0.2756
   67	 -2.8679	  1.3661
   67	 -3.1356	  2.9981
   67	 -1.8614	 -2.3906
   67	 -0.9851	 -1.1380
   67	 -1.2332	 -0.0124
   67	 -1.2969	  1.0448
   67	 -1.0131	  3.3971
   67	  0.3656	 -2.9143
   67	  0.3739	 -0.8574
   67	  0.3204	  0.2260
   67	 -0.1983	  1.1923
   67	 -0.3417	  2.4461
   67	  1.4060	 -2.9091
   67	  1.3902	 -1.5061
   67	  1.3856	 -0.2138
   67	  1.1805	  1.1478
   67	  1.2987	  3.0999
   67	  2.8024	 -2.5688
   67	  3.2935	 -1.5159
   67	  2.9199	 -0.3348
   67	  2.3565	  1.1306
   67	  2.6641	  2.5240
   68	 -3.2872	 -2.8721
   68	 -2.7139	 -1.6124
   68	 -2.8259	  0.2731
   68	 -2.8686	  1.3720
   68	 -3.1396	  2.9936
   68	 -1.8681	 -2.3841
   68	 -0.9777	 -1.1405
   68	 -1.2315	 -0.0064
   68	 -1.3032	  1.0394
   68	 -1.0079	  3.4061
   68	  0.3687	 -2.9156
   68	  0.3795	 -0.8492
   68	  0.3277	  0.2238
   68	 -0.1959	  1.1950
   68	 -0.3461	  2.4399
   68	  1.4088	 -2.9042
   68	  1.3898	 -1.5075
   68	  1.3852	 -0.2169
   68	  1.1770	  1.1438
   68	  1.2965	  3.0979
   68	  2.7987	 -2.5700
   68	  3.3015	 -1.5117
   68	  2.9213	 -0.3398
   68	  2.3494	  1.1264
   68	  2.6616	  2.5194
   69	 -3.2926	 -2.8664
   69	 -2.7114	 -1.6154
   69	 -2.8257	  0.2705
   69	 -2.8694	  1.3780
   69	 -3.1437	  2.9891
   69	 -1.8748	 -2.3775
   69	 -0.9704	 -1.1430
   69	 -1.2297	 -0.0007
   69	 -1.3095	  1.0342
   69	 -1.0026	  3.4152
   69	  0.3714	 -2.9168
   69	  0.3851	 -0.8412
   69	  0.3350	  0.2218
   69	 -0.1934	  1.1978
   69	 -0.3505	  2.4336
   69	  1.4118	 -2.8992
   69	  1.3894	 -1.5088
   69	  1.3847	 -0.2201
   69	  1.1735	  1.1398
   69	  1.2943	  3.0957
   69	  2.7948	 -2.5712
   69	  3.3093	 -1.5074
   69	  2.9227	 -0.3448
   69	  2.3424	  1.1222
   69	  2.6591	  2.5149
   70	 -3.2977	 -2.8608
   70	 -2.7088	 -1.6184
   70	 -2.8255	  0.2680
   70	 -2.8702	  1.3840
   70	 -3.1477	  2.9846
   70	 -1.8815	 -2.3710
   70	 -0.9630	 -1.1455
   70	 -1.2279	  0.0048
   70	 -1.3158	  1.0293
   70	 -0.9974	  3.4242
   70	  0.3739	 -2.9180
   70	  0.3907	 -0.8333
   70	  0.3424	  0.2198
   70	 -0.1909	  1.2005
   70	 -0.3548	  2.4274
   70	  1.4151	 -2.8941
   70	  1.3891	 -1.5102
   70	  1.3843	 -0.2233
   70	  1.1700	  1.1358
   70	  1.2922	  3.0934
   70	  2.7905	 -2.5723
   70	  3.3169	 -1.5032
   70	  2.9240	 -0.3498
   70	  2.3354	  1.1179
   70	  2.6567	  2.5103
   71	 -3.3024	 -2.8554
   71	 -2.7060	 -1.6214
   71	 -2.8252	  0.2654
   71	 -2.8710	  1.3899
   71	 -3.1517	  2.9801
   71	 -1.8881	 -2.3644
   71	 -0.9556	 -1.1480
   71	 -1.2261	  0.0099
   71	 -1.3221	  1.0248
   71	 -0.9921	  3.4332
   71	  0.3762	 -2.9193
   71	  0.3963	 -0.8256
   71	  0.3497	  0.2180
   71	 -0.1885	  1.2033
   71	 -0.3592	  2.4211
   71	  1.4186	 -2.8890
   71	  1.3887	 -1.5116
   71	  1.3839	 -0.2265
   71	  1.1665	  1.1318
   71	  1.2900	  3.0910
   71	  2.7858	 -2.5733
   71	  3.3244	 -1.4989
   71	  2.9254	 -0.3548
   71	  2.3283	  1.1137
   71	  2.6542	  2.5058
   72	 -3.3067	 -2.8500
   72	 -2.7029	 -1.6244
   72	 -2.8250	  0.2628
   72	 -2.8718	  1.3959
   72	 -3.1558	  2.9756
   72	 -1.8948	 -2.3579
   72	 -0.9482	 -1.1505
   72	 -1.2242	  0.0147
   72	 -1.3285	  1.0206
   72	 -0.9869	  3.4423
   72	  0.3782	 -2.9205
   72	  0.4019	 -0.8181
   72	  0.3571	  0.2165
   72	 -0.1860	  1.2061
   72	 -0.3636	  2.4148
   72	  1.4224	 -2.8838
   72	  1.3884	 -1.5130
   72	  1.3834	 -0.2297
   72	  1.1630	  1.1279
   72	  1.2878	  3.0887
   72	  2.7808	 -2.5741
   72	  3.3316	 -1.4946
   72	  2.9268	 -0.3598
   72	  2.3213	  1.1095
   72	  2.6518	  2.5013
   73	 -3.3107	 -2.8448
   73	 -2.6997	 -1.6274
   73	 -2.8248	  0.2602
   73	 -2.8725	  1.4019
   73	 -3.1598	  2.9711
   73	 -1.9014	 -2.3515
   73	 -0.9409	 -1.1530
   73	 -1.2223	  0.0189
   73	 -1.3350	  1.0170
   73	 -0.9816	  3.4513
   73	  0.3799	 -2.9218
   73	  0.4075	 -0.8110
   73	  0.3644	  0.2153
   73	 -0.1835	  1.2088
   73	 -0.3679	  2.4086
   73	  1.4265	 -2.8785
   73	  1.3880	 -1.5143
   73	  1.3830	 -0.2329
   73	  1.1595	  1.1239
   73	  1.2856	  3.0862
   73	  2.7754	 -2.5749
   73	  3.3386	 -1.4903
   73	  2.9281	 -0.3648
   73	  2.3142	  1.1052
   73	  2.6493	  2.4967
   74	 -3.3143	 -2.8396
   74	 -2.6963	 -1.6304
   74	 -2.8245	  0.2576
   74	 -2.8733	  1.4079
   74	 -3.1639	  2.9666
   74	 -1.9079	 -2.3451
   74	 -0.9335	 -1.1555
   74	 -1.2203	  0.0226
   74	 -1.3415	  1.0138
   74	 -0.9764	  3.4604
   74	  0.3815	 -2.9231
   74	  0.4132	 -0.8041
   74	  0.3717	  0.2144
   74	 -0.1811	  1.2116
   74	 -0.3723	  2.4023
   74	  1.4307	 -2.8733
   74	  1.3877	 -1.5157
   74	  1.3826	 -0.2361
   74	  1.1560	  1.1199
   74	  1.2834	  3.0838
   74	  2.7696	 -2.5756
   74	  3.3454	 -1.4859
   74	  2.9295	 -0.3698
   74	  2.3072	  1.1010
   74	  2.6469	  2.4922
   75	 -3.3175	 -2.8346
   75	 -2.6928	 -1.6333
   75	 -2.8243	  0.2550
   75	 -2.8741	  1.4139
   75	 -3.1679	  2.9621
   75	 -1.9143	 -2.3388
   75	 -0.9261	 -1.1579
   75	 -1.2183	  0.0257
   75	 -1.3481	  1.0113
   75	 -0.9711	  3.4694
   75	  0.3828	 -2.9243
   75	  0.4188	 -0.7977
   75	  0.3790	  0.2139
   75	 -0.1786	  1.2144
   75	 -0.3767	  2.3961
   75	  1.4352	 -2.8680
   75	  1.3873	 -1.5171
   75	  1.3822	 -0.2393
   75	  1.1525	  1.1159
   75	  1.2812	  3.0814
   75	  2.7634	 -2.5761
   75	  3.3518	 -1.4815
   75	  2.9308	 -0.3748
   75	  2.3001	  1.0968
   75	  2.6444	  2.4876
   76	 -3.3203	 -2.8296
   76	 -2.6891	 -1.6361
   76	 -2.8241	  0.2524
   76	 -2.8749	  1.4199
   76	 -3.1719	  2.9576
   76	 -1.9206	 -2.3326
   76	 -0.9188	 -1.1604
   76	 -1.2161	  0.0281
   76	 -1.3547	  1.0095
   76	 -0.9659	  3.4784
   76	  0.3840	 -2.9256
   76	  0.4245	 -0.7918
   76	  0.3862	  0.2139
   76	 -0.1762	  1.2171
   76	 -0.3810	  2.3898
   76	  1.4399	 -2.8627
   76	  1.3869	 -1.5185
   76	  1.3819	 -0.2425
   76	  1.1490	  1.1120
   76	  1.2790	  3.0790
   76	  2.7569	 -2.5766
   76	  3.3580	 -1.4771
   76	  2.9322	 -0.3798
   76	  2.2931	  1.0925
   76	  2.6420	  2.4831
   77	 -3.3228	 -2.8248
   77	 -2.6853	 -1.6388
   77	 -2.8239	  0.2498
   77	 -2.8757	  1.4259
   77	 -3.1760	  2.9531
   77	 -1.9267	 -2.3266
   77	 -0.9114	 -1.1629
   77	 -1.2139	  0.0299
   77	 -1.3615	  1.0084
   77	 -0.9606	  3.4875
   77	  0.3849	 -2.9269
   77	  0.4302	 -0.7864
   77	  0.3933	  0.2145
   77	 -0.1737	  1.2199
   77	 -0.3854	  2.3836
   77	  1.4447	 -2.8575
   77	  1.3866	 -1.5198
   77	  1.3816	 -0.2457
   77	  1.1456	  1.1080
   77	  1.2768	  3.0766
   77	  2.7500	 -2.5770
   77	  3.3640	 -1.4726
   77	  2.9336	 -0.3848
   77	  2.2860	  1.0883
   77	  2.6395	  2.4785
   78	 -3.3249	 -2.8200
   78	 -2.6816	 -1.6413
   78	 -2.8236	  0.2472
   78	 -2.8764	  1.4319
   78	 -3.1800	  2.9486
   78	 -1.9325	 -2.3209
   78	 -0.9040	 -1.1654
   78	 -1.2115	  0.0309
   78	 -1.3684	  1.0080
   78	 -0.9554	  3.4965
   78	  0.3857	 -2.9282
   78	  0.4358	 -0.7816
   78	  0.4003	  0.2157
   78	 -0.1712	  1.2227
   78	 -0.3898	  2.3773
   78	  1.4497	 -2.8522
   78	  1.3862	 -1.5212
   78	  1.3815	 -0.2490
   78	  1.1421	  1.1040
   78	  1.2746	  3.0742
   78	  2.7428	 -2.5773
   78	  3.3696	 -1.4681
   78	  2.9349	 -0.3898
   78	  2.2790	  1.0841
   78	  2.6371	  2.4740
   79	 -3.3268	 -2.8153
   79	 -2.6779	 -1.6435
   79	 -2.8234	  0.2446
   79	 -2.8772	  1.4378
   79	 -3.1840	  2.9441
   79	 -1.9379	 -2.3155
   79	 -0.8967	 -1.1679
   79	 -1.2091	  0.0311
   79	 -1.3754	  1.0083
   79	 -0.9501	  3.5056
   79	  0.3864	 -2.9296
   79	  0.4414	 -0.7775
   79	  0.4073	  0.2175
   79	 -0.1688	  1.2254
   79	 -0.3942	  2.3710
   79	  1.4548	 -2.8468
   79	  1.3859	 -1.5226
   79	  1.3814	 -0.2522
   79	  1.1386	  1.1000
   79	  1.2724	  3.0717
   79	  2.7353	 -2.5775
   79	  3.3749	 -1.4635
   79	  2.9363	 -0.3948
   79	  2.2720	  1.0798
   79	  2.6346	  2.4694
   80	 -3.3284	 -2.8106
   80	 -2.6743	 -1.6453
   80	 -2.8232	  0.2420
   80	 -2.8780	  1.4438
   80	 -3.1881	  2.9396
   80	 -1.9429	 -2.3105
   80	 -0.8893	 -1.1704
   80	 -1.2065	  0.0307
   80	 -1.3825	  1.0093
   80	 -0.9449	  3.5146
   80	  0.3870	 -2.9309
   80	  0.4469	 -0.7741
   80	  0.4142	  0.2201
   80	 -0.1663	  1.2282
   80	 -0.3985	  2.3648
   80	  1.4601	 -2.8415
   80	  1.3855	 -1.5239
   80	  1.3816	 -0.2554
   80	  1.1351	  1.0961
   80	  1.2702	  3.0693
   80	  2.7275	 -2.5776
   80	  3.3800	 -1.4589
   80	  2.9377	 -0.3998
   80	  2.2649	  1.0756
   80	  2.6322	  2.4649
   81	 -3.3297	 -2.8061
   81	 -2.6710	 -1.6467
   81	 -2.8230	  0.2394
   81	 -2.8788	  1.4498
   81	 -3.1921	  2.9351
   81	 -1.9473	 -2.3060
   81	 -0.8819	 -1.1729
   81	 -1.2038	  0.0297
   81	 -1.3897	  1.0109
   81	 -0.9396	  3.5236
   81	  0.3874	 -2.9322
   81	  0.4524	 -0.7714
   81	  0.4209	  0.2233
   81	 -0.1639	  1.2310
   81	 -0.4029	  2.3585
   81	  1.4654	 -2.8362
   81	  1.3851	 -1.5253
   81	  1.3819	 -0.2586
   81	  1.1316	  1.0921
   81	  1.2680	  3.0669
   81	  2.7194	 -2.5777
   81	  3.3847	 -1.4542
   81	  2.9390	 -0.4048
   81	  2.2579	  1.0714
   81	  2.6297	  2.4604
   82	 -3.3308	 -2.8015
   82	 -2.6681	 -1.6475
   82	 -2.8227	  0.2368
   82	 -2.8796	  1.4558
   82	 -3.1961	  2.9306
   82	 -1.9511	 -2.3021
   82	 -0.8745	 -1.1754
   82	 -1.2010	  0.0280
   82	 -1.3970	  1.0132
   82	 -0.9344	  3.5327
   82	  0.3878	 -2.9336
   82	  0.4577	 -0.7694
   82	  0.4276	  0.2272
   82	 -0.1614	  1.2337
   82	 -0.4073	  2.3523
   82	  1.4709	 -2.8309
   82	  1.3848	 -1.5267
   82	  1.3825	 -0.2617
   82	  1.1281	  1.0881
   82	  1.2658	  3.0645
   82	  2.7112	 -2.5778
   82	  3.3891	 -1.4494
   82	  2.9404	 -0.4098
   82	  2.2508	  1.0671
   82	  2.6273	  2.4558
   83	 -3.3317	 -2.7970
   83	 -2.6656	 -1.6478
   83	 -2.8225	  0.2342
   83	 -2.8804	  1.4618
   83	 -3.2002	  2.9261
   83	 -1.9541	 -2.2989
   83	 -0.8672	 -1.1779
   83	 -1.1981	  0.0258
   83	 -1.4045	  1.0160
   83	 -0.9291	 -3.5293
   83	  0.3881	 -2.9349
   83	  0.4629	 -0.7682
   83	  0.4341	  0.2319
   83	 -0.1589	  1.2365
   83	 -0.4116	  2.3460
   83	  1.4764	 -2.8255
   83	  1.3844	 -1.5281
   83	  1.3833	 -0.2649
   83	  1.1246	  1.0841
   83	  1.2636	  3.0621
   83	  2.7027	 -2.5778
   83	  3.3933	 -1.4446
   83	  2.9418	 -0.4148
   83	  2.2438	  1.0629
   83	  2.6248	  2.4513
   84	 -3.3325	 -2.7926
   84	 -2.6636	 -1.6473
   84	 -2.8223	  0.2316
   84	 -2.8811	  1.4678
   84	 -3.2042	  2.9216
   84	 -1.9563	 -2.2964
   84	 -0.8598	 -1.1804
   84	 -1.1950	  0.0231
   84	 -1.4120	  1.0193
   84	 -0.9238	 -3.5203
   84	  0.3884	 -2.9363
   84	  0.4679	 -0.7676
   84	  0.4404	  0.2371
   84	 -0.1565	  1.2393
   84	 -0.4160	  2.3397
   84	  1.4819	 -2.8202
   84	  1.3841	 -1.5294
   84	  1.3844	 -0.2679
   84	  1.1212	  1.0802
   84	  1.2614	  3.0596
   84	  2.6941	 -2.5778
   84	  3.3971	 -1.4398
   84	  2.9431	 -0.4198
   84	  2.2367	  1.0587
   84	  2.6223	  2.4467
   85	 -3.3331	 -2.7881
   85	 -2.6623	 -1.6460
   85	 -2.8220	  0.2291
   85	 -2.8819	  1.4738
   85	 -3.2082	  2.9171
   85	 -1.9575	 -2.2948
   85	 -0.8524	 -1.1829
   85	 -1.1919	  0.0200
   85	 -1.4197	  1.0229
   85	 -0.9186	 -3.5113
   85	  0.3886	 -2.9376
   85	  0.4727	 -0.7677
   85	  0.4466	  0.2428
   85	 -0.1540	  1.2420
   85	 -0.4204	  2.3335
   85	  1.4875	 -2.8149
   85	  1.3837	 -1.5308
   85	  1.3859	 -0.2710
   85	  1.1178	  1.0763
   85	  1.2592	  3.0572
   85	  2.6854	 -2.5777
   85	  3.4006	 -1.4348
   85	  2.9445	 -0.4248
   85	  2.2297	  1.0544
   85	  2.6199	  2.4422
   86	 -3.3336	 -2.7837
   86	 -2.6615	 -1.6439
   86	 -2.8218	  0.2265
   86	 -2.8827	  1.4798
   86	 -3.2123	  2.9126
   86	 -1.9578	 -2.2941
   86	 -0.8451	 -1.1854
   86	 -1.1888	  0.0166
   86	 -1.4274	  1.0270
   86	 -0.9133	 -3.5022
   86	  0.3888	 -2.9390
   86	  0.4773	 -0.7685
   86	  0.4526	  0.2490
   86	 -0.1516	  1.2448
   86	 -0.4247	  2.3272
   86	  1.4931	 -2.8095
   86	  1.3833	 -1.5322
   86	  1.3877	 -0.2739
   86	  1.1144	  1.0726
   86	  1.2570	  3.0548
   86	  2.6765	 -2.5776
   86	  3.4038	 -1.4299
   86	  2.9459	 -0.4297
   86	  2.2227	  1.0502
   86	  2.6174	  2.4376
   87	 -3.3340	 -2.7793
   87	 -2.6614	 -1.6411
   87	 -2.8216	  0.2239
   87	 -2.8835	  1.4858
   87	 -3.2163	  2.9081
   87	 -1.9572	 -2.2943
   87	 -0.8377	 -1.1879
   87	 -1.1855	  0.0129
   87	 -1.4352	  1.0312
   87	 -0.9081	 -3.4932
   87	  0.3889	 -2.9404
   87	  0.4816	 -0.7698
   87	  0.4583	  0.2556
   87	 -0.1491	  1.2475
   87	 -0.4291	  2.3210
   87	  1.4988	 -2.8041
   87	  1.3830	 -1.5335
   87	  1.3898	 -0.2768
   87	  1.1112	  1.0690
   87	  1.2549	  3.0524
   87	  2.6676	 -2.5775
   87	  3.4067	 -1.4249
   87	  2.9472	 -0.4347
   87	  2.2157	  1.0460
   87	  2.6150	  2.4331
   88	 -3.3344	 -2.7750
   88	 -2.6618	 -1.6374
   88	 -2.8214	  0.2213
   88	 -2.8843	  1.4917
   88	 -3.2203	  2.9035
   88	 -1.9557	 -2.2952
   88	 -0.8303	 -1.1904
   88	 -1.1822	  0.0090
   88	 -1.4430	  1.0357
   88	 -0.9028	 -3.4841
   88	  0.3891	 -2.9417
   88	  0.4857	 -0.7716
   88	  0.4638	  0.2624
   88	 -0.1466	  1.2503
   88	 -0.4335	  2.3147
   88	  1.5044	 -2.7988
   88	  1.3826	 -1.5349
   88	  1.3923	 -0.2795
   88	  1.1080	  1.0655
   88	  1.2527	  3.0500
   88	  2.6586	 -2.5774
   88	  3.4093	 -1.4198
   88	  2.9485	 -0.4396
   88	  2.2088	  1.0417
   88	  2.6125	  2.4286
   89	 -3.3347	 -2.7706
   89	 -2.6627	 -1.6331
   89	 -2.8211	  0.2187
   89	 -2.8850	  1.4977
   89	 -3.2244	  2.8990
   89	 -1.9533	 -2.2970
   89	 -0.8230	 -1.1928
   89	 -1.1789	  0.0049
   89	 -1.4508	  1.0404
   89	 -0.8976	 -3.4751
   89	  0.3893	 -2.9431
   89	  0.4895	 -0.7738
   89	  0.4690	  0.2692
   89	 -0.1442	  1.2530
   89	 -0.4379	  2.3085
   89	  1.5101	 -2.7934
   89	  1.3823	 -1.5363
   89	  1.3952	 -0.2822
   89	  1.1051	  1.0624
   89	  1.2505	  3.0475
   89	  2.6495	 -2.5773
   89	  3.4115	 -1.4148
   89	  2.9498	 -0.4444
   89	  2.2018	  1.0375
   89	  2.6101	  2.4240
   90	 -3.3350	 -2.7662
   90	 -2.6640	 -1.6282
   90	 -2.8209	  0.2161
   90	 -2.8858	  1.5037
   90	 -3.2284	  2.8945
   90	 -1.9502	 -2.2994
   90	 -0.8156	 -1.1953
   90	 -1.1755	  0.0008
   90	 -1.4587	  1.0451
   90	 -0.8923	 -3.4661
   90	  0.3894	 -2.9445
   90	  0.4930	 -0.7765
   90	  0.4739	  0.2761
   90	 -0.1417	  1.2556
   90	 -0.4423	  2.3024
   90	  1.5157	 -2.7881
   90	  1.3819	 -1.5377
   90	  1.3985	 -0.2848
   90	  1.1023	  1.0595
   90	  1.2483	  3.0451
   90	  2.6404	 -2.5772
   90	  3.4134	 -1.4098
   90	  2.9510	 -0.4491
   90	  2.1950	  1.0333
   90	  2.6076	  2.4195
   91	 -3.3352	 -2.7619
   91	 -2.6654	 -1.6227
   91	 -2.8207	  0.2135
   91	 -2.8866	  1.5097
   91	 -3.2324	  2.8900
   91	 -1.9465	 -2.3025
   91	 -0.8082	 -1.1978
   91	 -1.1721	 -0.0035
   91	 -1.4667	  1.0500
   91	 -0.8871	 -3.4570
   91	  0.3896	 -2.9458
   91	  0.4963	 -0.7795
   91	  0.4783	  0.2827
   91	 -0.1392	  1.2582
   91	 -0.4467	  2.2963
   91	  1.5214	 -2.7827
   91	  1.3815	 -1.5390
   91	  1.4021	 -0.2873
   91	  1.0999	  1.0571
   91	  1.2461	  3.0427
   91	  2.6313	 -2.5771
   91	  3.4149	 -1.4048
   91	  2.9522	 -0.4536
   91	  2.1881	  1.0290
   91	  2.6052	  2.4149
   92	 -3.3355	 -2.7575
   92	 -2.6670	 -1.6169
   92	 -2.8205	  0.2109
   92	 -2.8874	  1.5157
   92	 -3.2365	  2.8855
   92	 -1.9422	 -2.3060
   92	 -0.8009	 -1.2003
   92	 -1.1687	 -0.0078
   92	 -1.4746	  1.0549
   92	 -0.8818	 -3.4480
   92	  0.3898	 -2.9472
   92	  0.4992	 -0.7828
   92	  0.4822	  0.2890
   92	 -0.1366	  1.2607
   92	 -0.4511	  2.2903
   92	  1.5270	 -2.7774
   92	  1.3812	 -1.5404
   92	  1.4061	 -0.2896
   92	  1.0978	  1.0553
   92	  1.2439	  3.0403
   92	  2.6222	 -2.5770
   92	  3.4160	 -1.3999
   92	  2.9533	 -0.4581
   92	  2.1814	  1.0248
   92	  2.6027	  2.4104
   93	 -3.3357	 -2.7531
   93	 -2.6685	 -1.6108
   93	 -2.8202	  0.2083
   93	 -2.8882	  1.5217
   93	 -3.2405	  2.8810
   93	 -1.9375	 -2.3100
   93	 -0.7935	 -1.2028
   93	 -1.1653	 -0.0122
   93	 -1.4825	  1.0598
   93	 -0.8766	 -3.4389
   93	  0.3899	 -2.9486
   93	  0.5019	 -0.7864
   93	  0.4855	  0.2948
   93	 -0.1341	  1.2632
   93	 -0.4556	  2.2844
   93	  1.5326	 -2.7720
   93	  1.3808	 -1.5418
   93	  1.4104	 -0.2918
   93	  1.0961	  1.0540
   93	  1.2417	  3.0379
   93	  2.6131	 -2.5768
   93	  3.4168	 -1.3950
   93	  2.9543	 -0.4623
   93	  2.1747	  1.0205
   93	  2.6003	  2.4058
   94	 -3.3360	 -2.7488
   94	 -2.6699	 -1.6044
   94	 -2.8200	  0.2057
   94	 -2.8890	  1.5277
   94	 -3.2446	  2.8765
   94	 -1.9324	 -2.3143
   94	 -0.7861	 -1.2053
   94	 -1.1619	 -0.0165
   94	 -1.4905	  1.0647
   94	 -0.8713	 -3.4299
   94	  0.3901	 -2.9499
   94	  0.5044	 -0.7902
   94	  0.4882	  0.3000
   94	 -0.1315	  1.2655
   94	 -0.4601	  2.2786
   94	  1.5382	 -2.7667
   94	  1.3805	 -1.5431
   94	  1.4150	 -0.2940
   94	  1.0950	  1.0536
   94	  1.2395	  3.0354
   94	  2.6041	 -2.5767
   94	  3.4172	 -1.3903
   94	  2.9552	 -0.4663
   94	  2.1681	  1.0163
   94	  2.5978	  2.4013
   95	 -3.3362	 -2.7444
   95	 -2.6710	 -1.5979
   95	 -2.8198	  0.2031
   95	 -2.8897	  1.5337
   95	 -3.2486	  2.8720
   95	 -1.9271	 -2.3188
   95	 -0.7787	 -1.2078
   95	 -1.1585	 -0.0208
   95	 -1.4984	  1.0697
   95	 -0.8661	 -3.4209
   95	  0.3902	 -2.9513
   95	  0.5065	 -0.7942
   95	  0.4902	  0.3044
   95	 -0.1288	  1.2676
   95	 -0.4646	  2.2730
   95	  1.5437	 -2.7614
   95	  1.3801	 -1.5445
   95	  1.4199	 -0.2960
   95	  1.0944	  1.0540
   95	  1.2373	  3.0330
   95	  2.5951	 -2.5765
   95	  3.4173	 -1.3858
   95	  2.9559	 -0.4700
   95	  2.1617	  1.0120
   95	  2.5954	  2.3967
   96	 -3.3365	 -2.7401
   96	 -2.6718	 -1.5912
   96	 -2.8195	  0.2005
   96	 -2.8905	  1.5397
   96	 -3.2526	  2.8675
   96	 -1.9216	 -2.3236
   96	 -0.7714	 -1.2103
   96	 -1.1551	 -0.0252
   96	 -1.5064	  1.0746
   96	 -0.8608	 -3.4118
   96	  0.3904	 -2.9527
   96	  0.5085	 -0.7984
   96	  0.4914	  0.3079
   96	 -0.1261	  1.2696
   96