    1	 -2.8349	 -2.8201
    1	 -2.8298	 -1.4118
    1	 -2.8253	 -0.0012
    1	 -2.8219	  1.4224
    1	 -2.8254	  2.8279
    1	 -1.4132	 -2.8201
    1	 -1.4072	 -1.4173
    1	 -1.4197	  0.0041
    1	 -1.4198	  1.4165
    1	 -1.4134	  2.8291
    1	 -0.0064	 -2.8330
    1	  0.0031	 -1.4100
    1	  0.0036	 -0.0056
    1	  0.0060	  1.4124
    1	  0.0015	  2.8308
    1	  1.4113	 -2.8315
    1	  1.4136	 -1.4111
    1	  1.4090	 -0.0055
    1	  1.4183	  1.4108
    1	  1.4209	  2.8239
    1	  2.8218	 -2.8338
    1	  2.8277	 -1.4061
    1	  2.8265	 -0.0038
    1	  2.8299	  1.4087
    1	  2.8240	  2.8242
    2	 -2.8413	 -2.8119
    2	 -2.8312	 -1.4093
    2	 -2.8222	 -0.0024
    2	 -2.8153	  1.4305
    2	 -2.8224	  2.8274
    2	 -1.4122	 -2.8119
    2	 -1.4002	 -1.4204
    2	 -1.4252	  0.0083
    2	 -1.4253	  1.4188
    2	 -1.4125	  2.8298
    2	 -0.0128	 -2.8376
    2	  0.0062	 -1.4057
    2	  0.0071	 -0.0111
    2	  0.0119	  1.4106
    2	  0.0030	  2.8332
    2	  1.4084	 -2.8345
    2	  1.4129	 -1.4079
    2	  1.4037	 -0.0111
    2	  1.4223	  1.4074
    2	  1.4276	  2.8193
    2	  2.8151	 -2.8392
    2	  2.8269	 -1.3980
    2	  2.8246	 -0.0077
    2	  2.8313	  1.4032
    2	  2.8196	  2.8200
    3	 -2.8478	 -2.8036
    3	 -2.8326	 -1.4069
    3	 -2.8192	 -0.0035
    3	 -2.8088	  1.4386
    3	 -2.8194	  2.8269
    3	 -1.4112	 -2.8036
    3	 -1.3932	 -1.4235
    3	 -1.4308	  0.0124
    3	 -1.4309	  1.4211
    3	 -1.4116	  2.8305
    3	 -0.0192	 -2.8421
    3	  0.0092	 -1.4014
    3	  0.0107	 -0.0167
    3	  0.0179	  1.4088
    3	  0.0045	  2.8356
    3	  1.4055	 -2.8375
    3	  1.4123	 -1.4048
    3	  1.3985	 -0.0166
    3	  1.4264	  1.4039
    3	  1.4343	  2.8148
    3	  2.8085	 -2.8446
    3	  2.8261	 -1.3898
    3	  2.8227	 -0.0115
    3	  2.8328	  1.3976
    3	  2.8152	  2.8158
    4	 -2.8542	 -2.7953
    4	 -2.8339	 -1.4044
    4	 -2.8161	 -0.0047
    4	 -2.8022	  1.4468
    4	 -2.8163	  2.8264
    4	 -1.4102	 -2.7953
    4	 -1.3863	 -1.4266
    4	 -1.4363	  0.0166
    4	 -1.4364	  1.4234
    4	 -1.4108	  2.8312
    4	 -0.0256	 -2.8467
    4	  0.0123	 -1.3972
    4	  0.0143	 -0.0222
    4	  0.0239	  1.4069
    4	  0.0060	  2.8380
    4	  1.4026	 -2.8406
    4	  1.4116	 -1.4016
    4	  1.3933	 -0.0222
    4	  1.4304	  1.4005
    4	  1.4409	  2.8102
    4	  2.8018	 -2.8500
    4	  2.8254	 -1.3817
    4	  2.8207	 -0.0153
    4	  2.8343	  1.3921
    4	  2.8107	  2.8117
    5	 -2.8607	 -2.7870
    5	 -2.8353	 -1.4020
    5	 -2.8130	 -0.0059
    5	 -2.7957	  1.4549
    5	 -2.8133	  2.8259
    5	 -1.4092	 -2.7870
    5	 -1.3793	 -1.4297
    5	 -1.4418	  0.0207
    5	 -1.4420	  1.4258
    5	 -1.4099	  2.8319
    5	 -0.0319	 -2.8513
    5	  0.0154	 -1.3929
    5	  0.0179	 -0.0278
    5	  0.0299	  1.4051
    5	  0.0075	  2.8404
    5	  1.3997	 -2.8436
    5	  1.4110	 -1.3985
    5	  1.3880	 -0.0277
    5	  1.4345	  1.3971
    5	  1.4476	  2.8057
    5	  2.7952	 -2.8554
    5	  2.8246	 -1.3736
    5	  2.8188	 -0.0191
    5	  2.8357	  1.3866
    5	  2.8063	  2.8075
    6	 -2.8671	 -2.7787
    6	 -2.8367	 -1.3995
    6	 -2.8099	 -0.0071
    6	 -2.7891	  1.4630
    6	 -2.8103	  2.8254
    6	 -1.4082	 -2.7787
    6	 -1.3723	 -1.4327
    6	 -1.4473	  0.0248
    6	 -1.4475	  1.4281
    6	 -1.4090	  2.8326
    6	 -0.0383	 -2.8559
    6	  0.0185	 -1.3886
    6	  0.0214	 -0.0334
    6	  0.0358	  1.4033
    6	  0.0090	  2.8427
    6	  1.3968	 -2.8467
    6	  1.4103	 -1.3953
    6	  1.3828	 -0.0333
    6	  1.4385	  1.3937
    6	  1.4543	  2.8011
    6	  2.7885	 -2.8608
    6	  2.8238	 -1.3654
    6	  2.8169	 -0.0230
    6	  2.8372	  1.3810
    6	  2.8019	  2.8033
    7	 -2.8735	 -2.7705
    7	 -2.8380	 -1.3971
    7	 -2.8068	 -0.0082
    7	 -2.7826	  1.4712
    7	 -2.8073	  2.8249
    7	 -1.4072	 -2.7704
    7	 -1.3653	 -1.4358
    7	 -1.4528	  0.0290
    7	 -1.4531	  1.4304
    7	 -1.4082	  2.8333
    7	 -0.0447	 -2.8604
    7	  0.0215	 -1.3844
    7	  0.0250	 -0.0389
    7	  0.0418	  1.4015
    7	  0.0105	  2.8451
    7	  1.3939	 -2.8497
    7	  1.4097	 -1.3921
    7	  1.3776	 -0.0388
    7	  1.4426	  1.3902
    7	  1.4610	  2.7966
    7	  2.7819	 -2.8662
    7	  2.8231	 -1.3573
    7	  2.8150	 -0.0268
    7	  2.8386	  1.3755
    7	  2.7975	  2.7991
    8	 -2.8800	 -2.7622
    8	 -2.8394	 -1.3946
    8	 -2.8037	 -0.0094
    8	 -2.7760	  1.4793
    8	 -2.8043	  2.8244
    8	 -1.4062	 -2.7622
    8	 -1.3583	 -1.4389
    8	 -1.4583	  0.0331
    8	 -1.4586	  1.4327
    8	 -1.4073	  2.8340
    8	 -0.0511	 -2.8650
    8	  0.0246	 -1.3801
    8	  0.0286	 -0.0445
    8	  0.0478	  1.3997
    8	  0.0120	  2.8475
    8	  1.3910	 -2.8527
    8	  1.4090	 -1.3890
    8	  1.3723	 -0.0444
    8	  1.4466	  1.3868
    8	  1.4677	  2.7920
    8	  2.7753	 -2.8716
    8	  2.8223	 -1.3492
    8	  2.8131	 -0.0306
    8	  2.8401	  1.3700
    8	  2.7930	  2.7949
    9	 -2.8864	 -2.7539
    9	 -2.8408	 -1.3922
    9	 -2.8006	 -0.0106
    9	 -2.7695	  1.4875
    9	 -2.8012	  2.8239
    9	 -1.4052	 -2.7539
    9	 -1.3513	 -1.4420
    9	 -1.4639	  0.0373
    9	 -1.4642	  1.4350
    9	 -1.4065	  2.8347
    9	 -0.0575	 -2.8696
    9	  0.0277	 -1.3759
    9	  0.0322	 -0.0500
    9	  0.0537	  1.3978
    9	  0.0134	  2.8499
    9	  1.3881	 -2.8558
    9	  1.4083	 -1.3858
    9	  1.3671	 -0.0499
    9	  1.4507	  1.3834
    9	  1.4743	  2.7875
    9	  2.7686	 -2.8770
    9	  2.8216	 -1.3411
    9	  2.8111	 -0.0344
    9	  2.8416	  1.3645
    9	  2.7886	  2.7907
   10	 -2.8929	 -2.7456
   10	 -2.8422	 -1.3897
   10	 -2.7975	 -0.0118
   10	 -2.7629	  1.4956
   10	 -2.7982	  2.8234
   10	 -1.4042	 -2.7456
   10	 -1.3443	 -1.4451
   10	 -1.4694	  0.0414
   10	 -1.4697	  1.4373
   10	 -1.4056	  2.8354
   10	 -0.0639	 -2.8741
   10	  0.0308	 -1.3716
   10	  0.0357	 -0.0556
   10	  0.0597	  1.3960
   10	  0.0149	  2.8523
   10	  1.3852	 -2.8588
   10	  1.4077	 -1.3827
   10	  1.3618	 -0.0555
   10	  1.4547	  1.3800
   10	  1.4810	  2.7829
   10	  2.7620	 -2.8824
   10	  2.8208	 -1.3329
   10	  2.8092	 -0.0383
   10	  2.8430	  1.3589
   10	  2.7842	  2.7865
   11	 -2.8993	 -2.7373
   11	 -2.8435	 -1.3873
   11	 -2.7944	 -0.0130
   11	 -2.7564	  1.5037
   11	 -2.7952	  2.8229
   11	 -1.4032	 -2.7373
   11	 -1.3373	 -1.4482
   11	 -1.4749	  0.0455
   11	 -1.4753	  1.4396
   11	 -1.4047	  2.8361
   11	 -0.0703	 -2.8787
   11	  0.0338	 -1.3673
   11	  0.0393	 -0.0612
   11	  0.0657	  1.3942
   11	  0.0164	  2.8547
   11	  1.3823	 -2.8618
   11	  1.4070	 -1.3795
   11	  1.3566	 -0.0610
   11	  1.4588	  1.3766
   11	  1.4877	  2.7784
   11	  2.7553	 -2.8878
   11	  2.8200	 -1.3248
   11	  2.8073	 -0.0421
   11	  2.8445	  1.3534
   11	  2.7798	  2.7823
   12	 -2.9058	 -2.7290
   12	 -2.8449	 -1.3848
   12	 -2.7913	 -0.0141
   12	 -2.7498	  1.5119
   12	 -2.7922	  2.8224
   12	 -1.4022	 -2.7290
   12	 -1.3303	 -1.4513
   12	 -1.4804	  0.0497
   12	 -1.4808	  1.4419
   12	 -1.4039	  2.8368
   12	 -0.0767	 -2.8833
   12	  0.0369	 -1.3631
   12	  0.0429	 -0.0667
   12	  0.0717	  1.3924
   12	  0.0179	  2.8570
   12	  1.3795	 -2.8649
   12	  1.4064	 -1.3764
   12	  1.3514	 -0.0666
   12	  1.4628	  1.3731
   12	  1.4944	  2.7738
   12	  2.7487	 -2.8932
   12	  2.8193	 -1.3167
   12	  2.8054	 -0.0459
   12	  2.8460	  1.3479
   12	  2.7753	  2.7781
   13	 -2.9122	 -2.7208
   13	 -2.8463	 -1.3824
   13	 -2.7883	 -0.0153
   13	 -2.7433	  1.5200
   13	 -2.7892	  2.8219
   13	 -1.4012	 -2.7207
   13	 -1.3234	 -1.4544
   13	 -1.4859	  0.0538
   13	 -1.4864	  1.4442
   13	 -1.4030	  2.8374
   13	 -0.0831	 -2.8878
   13	  0.0400	 -1.3588
   13	  0.0465	 -0.0723
   13	  0.0776	  1.3906
   13	  0.0194	  2.8594
   13	  1.3766	 -2.8679
   13	  1.4057	 -1.3732
   13	  1.3461	 -0.0721
   13	  1.4669	  1.3697
   13	  1.5011	  2.7693
   13	  2.7420	 -2.8986
   13	  2.8185	 -1.3086
   13	  2.8034	 -0.0497
   13	  2.8474	  1.3423
   13	  2.7709	  2.7739
   14	 -2.9187	 -2.7125
   14	 -2.8477	 -1.3799
   14	 -2.7852	 -0.0165
   14	 -2.7367	  1.5282
   14	 -2.7861	  2.8214
   14	 -1.4002	 -2.7125
   14	 -1.3164	 -1.4574
   14	 -1.4914	  0.0579
   14	 -1.4920	  1.4465
   14	 -1.4021	  2.8381
   14	 -0.0895	 -2.8924
   14	  0.0431	 -1.3545
   14	  0.0500	 -0.0778
   14	  0.0836	  1.3887
   14	  0.0209	  2.8618
   14	  1.3737	 -2.8709
   14	  1.4051	 -1.3701
   14	  1.3409	 -0.0777
   14	  1.4709	  1.3663
   14	  1.5077	  2.7647
   14	  2.7354	 -2.9040
   14	  2.8177	 -1.3004
   14	  2.8015	 -0.0536
   14	  2.8489	  1.3368
   14	  2.7665	  2.7697
   15	 -2.9251	 -2.7042
   15	 -2.8490	 -1.3775
   15	 -2.7821	 -0.0177
   15	 -2.7302	  1.5363
   15	 -2.7831	  2.8209
   15	 -1.3992	 -2.7042
   15	 -1.3094	 -1.4605
   15	 -1.4970	  0.0621
   15	 -1.4975	  1.4488
   15	 -1.4013	  2.8388
   15	 -0.0958	 -2.8970
   15	  0.0461	 -1.3503
   15	  0.0536	 -0.0834
   15	  0.0896	  1.3869
   15	  0.0224	  2.8642
   15	  1.3708	 -2.8740
   15	  1.4044	 -1.3669
   15	  1.3357	 -0.0832
   15	  1.4750	  1.3629
   15	  1.5144	  2.7602
   15	  2.7287	 -2.9094
   15	  2.8170	 -1.2923
   15	  2.7996	 -0.0574
   15	  2.8503	  1.3313
   15	  2.7621	  2.7655
   16	 -2.9316	 -2.6959
   16	 -2.8504	 -1.3750
   16	 -2.7790	 -0.0189
   16	 -2.7236	  1.5444
   16	 -2.7801	  2.8204
   16	 -1.3982	 -2.6959
   16	 -1.3024	 -1.4636
   16	 -1.5025	  0.0662
   16	 -1.5031	  1.4512
   16	 -1.4004	  2.8395
   16	 -0.1022	 -2.9016
   16	  0.0492	 -1.3460
   16	  0.0572	 -0.0890
   16	  0.0955	  1.3851
   16	  0.0239	  2.8666
   16	  1.3679	 -2.8770
   16	  1.4038	 -1.3638
   16	  1.3304	 -0.0888
   16	  1.4790	  1.3594
   16	  1.5211	  2.7556
   16	  2.7221	 -2.9148
   16	  2.8162	 -1.2842
   16	  2.7977	 -0.0612
   16	  2.8518	  1.3257
   16	  2.7576	  2.7613
   17	 -2.9380	 -2.6876
   17	 -2.8518	 -1.3726
   17	 -2.7759	 -0.0200
   17	 -2.7171	  1.5526
   17	 -2.7771	  2.8199
   17	 -1.3971	 -2.6876
   17	 -1.2954	 -1.4667
   17	 -1.5080	  0.0704
   17	 -1.5086	  1.4535
   17	 -1.3996	  2.8402
   17	 -0.1086	 -2.9061
   17	  0.0523	 -1.3418
   17	  0.0608	 -0.0945
   17	  0.1015	  1.3833
   17	  0.0254	  2.8690
   17	  1.3650	 -2.8801
   17	  1.4031	 -1.3606
   17	  1.3252	 -0.0943
   17	  1.4831	  1.3560
   17	  1.5278	  2.7511
   17	  2.7154	 -2.9202
   17	  2.8155	 -1.2760
   17	  2.7958	 -0.0650
   17	  2.8533	  1.3202
   17	  2.7532	  2.7572
   18	 -2.9445	 -2.6793
   18	 -2.8532	 -1.3701
   18	 -2.7728	 -0.0212
   18	 -2.7106	  1.5607
   18	 -2.7740	  2.8194
   18	 -1.3961	 -2.6793
   18	 -1.2884	 -1.4698
   18	 -1.5135	  0.0745
   18	 -1.5142	  1.4558
   18	 -1.3987	  2.8409
   18	 -0.1150	 -2.9107
   18	  0.0554	 -1.3375
   18	  0.0643	 -0.1001
   18	  0.1075	  1.3815
   18	  0.0269	  2.8714
   18	  1.3621	 -2.8831
   18	  1.4025	 -1.3575
   18	  1.3199	 -0.0999
   18	  1.4871	  1.3526
   18	  1.5345	  2.7465
   18	  2.7088	 -2.9256
   18	  2.8147	 -1.2679
   18	  2.7938	 -0.0689
   18	  2.8547	  1.3147
   18	  2.7488	  2.7530
   19	 -2.9509	 -2.6711
   19	 -2.8545	 -1.3677
   19	 -2.7697	 -0.0224
   19	 -2.7040	  1.5689
   19	 -2.7710	  2.8189
   19	 -1.3951	 -2.6710
   19	 -1.2814	 -1.4729
   19	 -1.5190	  0.0786
   19	 -1.5197	  1.4581
   19	 -1.3978	  2.8416
   19	 -0.1214	 -2.9153
   19	  0.0584	 -1.3332
   19	  0.0679	 -0.1056
   19	  0.1135	  1.3796
   19	  0.0284	  2.8737
   19	  1.3592	 -2.8861
   19	  1.4018	 -1.3543
   19	  1.3147	 -0.1054
   19	  1.4912	  1.3492
   19	  1.5412	  2.7420
   19	  2.7021	 -2.9310
   19	  2.8139	 -1.2598
   19	  2.7919	 -0.0727
   19	  2.8562	  1.3092
   19	  2.7444	  2.7488
   20	 -2.9573	 -2.6628
   20	 -2.8559	 -1.3652
   20	 -2.7666	 -0.0236
   20	 -2.6975	  1.5770
   20	 -2.7680	  2.8184
   20	 -1.3941	 -2.6628
   20	 -1.2744	 -1.4760
   20	 -1.5245	  0.0828
   20	 -1.5253	  1.4604
   20	 -1.3970	  2.8423
   20	 -0.1278	 -2.9198
   20	  0.0615	 -1.3290
   20	  0.0715	 -0.1112
   20	  0.1194	  1.3778
   20	  0.0299	  2.8761
   20	  1.3563	 -2.8892
   20	  1.4012	 -1.3512
   20	  1.3095	 -0.1110
   20	  1.4952	  1.3457
   20	  1.5478	  2.7374
   20	  2.6955	 -2.9364
   20	  2.8132	 -1.2517
   20	  2.7900	 -0.0765
   20	  2.8576	  1.3036
   20	  2.7399	  2.7446
   21	 -2.9638	 -2.6545
   21	 -2.8573	 -1.3628
   21	 -2.7635	 -0.0247
   21	 -2.6909	  1.5851
   21	 -2.7650	  2.8179
   21	 -1.3931	 -2.6545
   21	 -1.2674	 -1.4791
   21	 -1.5300	  0.0869
   21	 -1.5308	  1.4627
   21	 -1.3961	  2.8430
   21	 -0.1342	 -2.9244
   21	  0.0646	 -1.3247
   21	  0.0751	 -0.1168
   21	  0.1254	  1.3760
   21	  0.0314	  2.8785
   21	  1.3534	 -2.8922
   21	  1.4005	 -1.3480
   21	  1.3042	 -0.1165
   21	  1.4993	  1.3423
   21	  1.5545	  2.7329
   21	  2.6889	 -2.9418
   21	  2.8124	 -1.2435
   21	  2.7881	 -0.0803
   21	  2.8591	  1.2981
   21	  2.7355	  2.7404
   22	 -2.9702	 -2.6462
   22	 -2.8587	 -1.3603
   22	 -2.7604	 -0.0259
   22	 -2.6844	  1.5933
   22	 -2.7620	  2.8174
   22	 -1.3921	 -2.6462
   22	 -1.2605	 -1.4821
   22	 -1.5356	  0.0911
   22	 -1.5364	  1.4650
   22	 -1.3953	  2.8437
   22	 -0.1406	 -2.9290
   22	  0.0677	 -1.3204
   22	  0.0786	 -0.1223
   22	  0.1314	  1.3742
   22	  0.0329	  2.8809
   22	  1.3505	 -2.8952
   22	  1.3999	 -1.3449
   22	  1.2990	 -0.1220
   22	  1.5033	  1.3389
   22	  1.5612	  2.7283
   22	  2.6822	 -2.9472
   22	  2.8116	 -1.2354
   22	  2.7861	 -0.0842
   22	  2.8606	  1.2926
   22	  2.7311	  2.7362
   23	 -2.9767	 -2.6379
   23	 -2.8600	 -1.3579
   23	 -2.7574	 -0.0271
   23	 -2.6778	  1.6014
   23	 -2.7589	  2.8169
   23	 -1.3911	 -2.6379
   23	 -1.2535	 -1.4852
   23	 -1.5411	  0.0952
   23	 -1.5419	  1.4673
   23	 -1.3944	  2.8444
   23	 -0.1470	 -2.9336
   23	  0.0707	 -1.3162
   23	  0.0822	 -0.1279
   23	  0.1373	  1.3724
   23	  0.0344	  2.8833
   23	  1.3476	 -2.8983
   23	  1.3992	 -1.3417
   23	  1.2938	 -0.1276
   23	  1.5074	  1.3355
   23	  1.5679	  2.7238
   23	  2.6756	 -2.9526
   23	  2.8109	 -1.2273
   23	  2.7842	 -0.0880
   23	  2.8620	  1.2870
   23	  2.7267	  2.7320
   24	 -2.9831	 -2.6296
   24	 -2.8614	 -1.3554
   24	 -2.7543	 -0.0283
   24	 -2.6713	  1.6096
   24	 -2.7559	  2.8164
   24	 -1.3901	 -2.6296
   24	 -1.2465	 -1.4883
   24	 -1.5466	  0.0993
   24	 -1.5475	  1.4696
   24	 -1.3935	  2.8451
   24	 -0.1534	 -2.9381
   24	  0.0738	 -1.3119
   24	  0.0858	 -0.1334
   24	  0.1433	  1.3706
   24	  0.0359	  2.8857
   24	  1.3447	 -2.9013
   24	  1.3986	 -1.3386
   24	  1.2885	 -0.1331
   24	  1.5114	  1.3320
   24	  1.5746	  2.7192
   24	  2.6689	 -2.9580
   24	  2.8101	 -1.2191
   24	  2.7823	 -0.0918
   24	  2.8635	  1.2815
   24	  2.7222	  2.7278
   25	 -2.9896	 -2.6214
   25	 -2.8628	 -1.3530
   25	 -2.7512	 -0.0295
   25	 -2.6647	  1.6177
   25	 -2.7529	  2.8159
   25	 -1.3891	 -2.6213
   25	 -1.2395	 -1.4914
   25	 -1.5521	  0.1035
   25	 -1.5530	  1.4719
   25	 -1.3927	  2.8458
   25	 -0.1597	 -2.9427
   25	  0.0769	 -1.3077
   25	  0.0894	 -0.1390
   25	  0.1493	  1.3687
   25	  0.0373	  2.8881
   25	  1.3418	 -2.9044
   25	  1.3979	 -1.3354
   25	  1.2833	 -0.1387
   25	  1.5155	  1.3286
   25	  1.5812	  2.7147
   25	  2.6623	 -2.9634
   25	  2.8094	 -1.2110
   25	  2.7804	 -0.0957
   25	  2.8649	  1.2760
   25	  2.7178	  2.7236
   26	 -2.9960	 -2.6131
   26	 -2.8642	 -1.3505
   26	 -2.7481	 -0.0306
   26	 -2.6582	  1.6258
   26	 -2.7499	  2.8153
   26	 -1.3881	 -2.6131
   26	 -1.2325	 -1.4945
   26	 -1.5576	  0.1076
   26	 -1.5586	  1.4742
   26	 -1.3918	  2.8465
   26	 -0.1661	 -2.9473
   26	  0.0800	 -1.3034
   26	  0.0929	 -0.1446
   26	  0.1553	  1.3669
   26	  0.0388	  2.8904
   26	  1.3389	 -2.9074
   26	  1.3973	 -1.3322
   26	  1.2781	 -0.1442
   26	  1.5195	  1.3252
   26	  1.5879	  2.7101
   26	  2.6556	 -2.9688
   26	  2.8086	 -1.2029
   26	  2.7785	 -0.0995
   26	  2.8664	  1.2705
   26	  2.7134	  2.7194
   27	 -3.0025	 -2.6048
   27	 -2.8655	 -1.3481
   27	 -2.7450	 -0.0318
   27	 -2.6516	  1.6340
   27	 -2.7469	  2.8148
   27	 -1.3871	 -2.6048
   27	 -1.2255	 -1.4976
   27	 -1.5631	  0.1118
   27	 -1.5641	  1.4766
   27	 -1.3909	  2.8472
   27	 -0.1725	 -2.9518
   27	  0.0830	 -1.2991
   27	  0.0965	 -0.1501
   27	  0.1612	  1.3651
   27	  0.0403	  2.8928
   27	  1.3360	 -2.9104
   27	  1.3966	 -1.3291
   27	  1.2728	 -0.1498
   27	  1.5236	  1.3218
   27	  1.5946	  2.7056
   27	  2.6490	 -2.9742
   27	  2.8078	 -1.1948
   27	  2.7765	 -0.1033
   27	  2.8679	  1.2649
   27	  2.7090	  2.7152
   28	 -3.0089	 -2.5965
   28	 -2.8669	 -1.3456
   28	 -2.7419	 -0.0330
   28	 -2.6452	  1.6421
   28	 -2.7438	  2.8143
   28	 -1.3861	 -2.5965
   28	 -1.2185	 -1.5007
   28	 -1.5687	  0.1159
   28	 -1.5696	  1.4789
   28	 -1.3901	  2.8478
   28	 -0.1789	 -2.9564
   28	  0.0861	 -1.2949
   28	  0.1001	 -0.1557
   28	  0.1672	  1.3633
   28	  0.0418	  2.8952
   28	  1.3331	 -2.9135
   28	  1.3960	 -1.3259
   28	  1.2676	 -0.1553
   28	  1.5276	  1.3183
   28	  1.6013	  2.7010
   28	  2.6423	 -2.9796
   28	  2.8071	 -1.1868
   28	  2.7746	 -0.1070
   28	  2.8693	  1.2594
   28	  2.7045	  2.7110
   29	 -3.0154	 -2.5882
   29	 -2.8683	 -1.3432
   29	 -2.7388	 -0.0342
   29	 -2.6387	  1.6503
   29	 -2.7408	  2.8138
   29	 -1.3851	 -2.5882
   29	 -1.2115	 -1.5037
   29	 -1.5742	  0.1200
   29	 -1.5750	  1.4811
   29	 -1.3892	  2.8485
   29	 -0.1853	 -2.9610
   29	  0.0892	 -1.2906
   29	  0.1037	 -0.1612
   29	  0.1732	  1.3615
   29	  0.0433	  2.8976
   29	  1.3302	 -2.9165
   29	  1.3953	 -1.3228
   29	  1.2623	 -0.1609
   29	  1.5316	  1.3149
   29	  1.6079	  2.6965
   29	  2.6357	 -2.9850
   29	  2.8063	 -1.1788
   29	  2.7727	 -0.1106
   29	  2.8708	  1.2539
   29	  2.7002	  2.7068
   30	 -3.0218	 -2.5800
   30	 -2.8697	 -1.3407
   30	 -2.7357	 -0.0353
   30	 -2.6324	  1.6585
   30	 -2.7378	  2.8133
   30	 -1.3841	 -2.5800
   30	 -1.2045	 -1.5067
   30	 -1.5797	  0.1242
   30	 -1.5804	  1.4834
   30	 -1.3884	  2.8492
   30	 -0.1917	 -2.9655
   30	  0.0923	 -1.2863
   30	  0.1072	 -0.1668
   30	  0.1791	  1.3596
   30	  0.0448	  2.9000
   30	  1.3273	 -2.9195
   30	  1.3947	 -1.3196
   30	  1.2571	 -0.1664
   30	  1.5357	  1.3115
   30	  1.6145	  2.6919
   30	  2.6290	 -2.9904
   30	  2.8056	 -1.1710
   30	  2.7708	 -0.1141
   30	  2.8722	  1.2483
   30	  2.6958	  2.7027
   31	 -3.0282	 -2.5717
   31	 -2.8710	 -1.3383
   31	 -2.7326	 -0.0365
   31	 -2.6262	  1.6667
   31	 -2.7348	  2.8128
   31	 -1.3831	 -2.5719
   31	 -1.1975	 -1.5097
   31	 -1.5852	  0.1283
   31	 -1.5855	  1.4857
   31	 -1.3875	  2.8499
   31	 -0.1981	 -2.9701
   31	  0.0954	 -1.2821
   31	  0.1108	 -0.1724
   31	  0.1851	  1.3578
   31	  0.0463	  2.9024
   31	  1.3244	 -2.9226
   31	  1.3940	 -1.3165
   31	  1.2519	 -0.1720
   31	  1.5397	  1.3081
   31	  1.6210	  2.6874
   31	  2.6224	 -2.9958
   31	  2.8048	 -1.1634
   31	  2.7688	 -0.1175
   31	  2.8737	  1.2428
   31	  2.6916	  2.6985
   32	 -3.0347	 -2.5634
   32	 -2.8724	 -1.3358
   32	 -2.7295	 -0.0377
   32	 -2.6202	  1.6749
   32	 -2.7318	  2.8123
   32	 -1.3822	 -2.5638
   32	 -1.1905	 -1.5125
   32	 -1.5907	  0.1324
   32	 -1.5906	  1.4879
   32	 -1.3866	  2.8506
   32	 -0.2045	 -2.9747
   32	  0.0984	 -1.2778
   32	  0.1144	 -0.1779
   32	  0.1911	  1.3560
   32	  0.0478	  2.9047
   32	  1.3215	 -2.9256
   32	  1.3934	 -1.3133
   32	  1.2466	 -0.1775
   32	  1.5438	  1.3047
   32	  1.6273	  2.6828
   32	  2.6157	 -3.0012
   32	  2.8041	 -1.1560
   32	  2.7669	 -0.1206
   32	  2.8752	  1.2373
   32	  2.6875	  2.6943
   33	 -3.0411	 -2.5551
   33	 -2.8738	 -1.3334
   33	 -2.7265	 -0.0389
   33	 -2.6144	  1.6831
   33	 -2.7287	  2.8118
   33	 -1.3812	 -2.5559
   33	 -1.1834	 -1.5153
   33	 -1.5962	  0.1366
   33	 -1.5953	  1.4901
   33	 -1.3858	  2.8513
   33	 -0.2109	 -2.9793
   33	  0.1015	 -1.2736
   33	  0.1180	 -0.1834
   33	  0.1971	  1.3542
   33	  0.0493	  2.9071
   33	  1.3186	 -2.9287
   33	  1.3927	 -1.3102
   33	  1.2414	 -0.1831
   33	  1.5478	  1.3012
   33	  1.6336	  2.6783
   33	  2.6091	 -3.0066
   33	  2.8033	 -1.1489
   33	  2.7649	 -0.1234
   33	  2.8766	  1.2318
   33	  2.6835	  2.6901
   34	 -3.0476	 -2.5468
   34	 -2.8752	 -1.3309
   34	 -2.7234	 -0.0401
   34	 -2.6089	  1.6915
   34	 -2.7257	  2.8113
   34	 -1.3803	 -2.5482
   34	 -1.1764	 -1.5178
   34	 -1.6017	  0.1407
   34	 -1.5998	  1.4922
   34	 -1.3849	  2.8520
   34	 -0.2173	 -2.9838
   34	  0.1046	 -1.2695
   34	  0.1215	 -0.1888
   34	  0.2030	  1.3524
   34	  0.0508	  2.9095
   34	  1.3157	 -2.9317
   34	  1.3921	 -1.3070
   34	  1.2362	 -0.1886
   34	  1.5519	  1.2978
   34	  1.6395	  2.6737
   34	  2.6024	 -3.0120
   34	  2.8026	 -1.1421
   34	  2.7629	 -0.1258
   34	  2.8781	  1.2262
   34	  2.6798	  2.6859
   35	 -3.0540	 -2.5385
   35	 -2.8765	 -1.3285
   35	 -2.7203	 -0.0412
   35	 -2.6038	  1.6999
   35	 -2.7227	  2.8108
   35	 -1.3794	 -2.5406
   35	 -1.1692	 -1.5202
   35	 -1.6073	  0.1449
   35	 -1.6040	  1.4943
   35	 -1.3841	  2.8527
   35	 -0.2236	 -2.9884
   35	  0.1076	 -1.2655
   35	  0.1251	 -0.1942
   35	  0.2090	  1.3505
   35	  0.0523	  2.9119
   35	  1.3128	 -2.9347
   35	  1.3914	 -1.3039
   35	  1.2309	 -0.1942
   35	  1.5559	  1.2944
   35	  1.6453	  2.6692
   35	  2.5958	 -3.0174
   35	  2.8019	 -1.1358
   35	  2.7610	 -0.1279
   35	  2.8795	  1.2207
   35	  2.6763	  2.6817
   36	 -3.0605	 -2.5303
   36	 -2.8779	 -1.3260
   36	 -2.7172	 -0.0424
   36	 -2.5990	  1.7083
   36	 -2.7197	  2.8103
   36	 -1.3786	 -2.5333
   36	 -1.1621	 -1.5223
   36	 -1.6128	  0.1490
   36	 -1.6078	  1.4962
   36	 -1.3832	  2.8534
   36	 -0.2300	 -2.9930
   36	  0.1107	 -1.2615
   36	  0.1286	 -0.1994
   36	  0.2150	  1.3487
   36	  0.0538	  2.9143
   36	  1.3099	 -2.9378
   36	  1.3908	 -1.3007
   36	  1.2257	 -0.1997
   36	  1.5600	  1.2910
   36	  1.6507	  2.6646
   36	  2.5892	 -3.0228
   36	  2.8012	 -1.1300
   36	  2.7590	 -0.1294
   36	  2.8810	  1.2152
   36	  2.6732	  2.6775
   37	 -3.0669	 -2.5220
   37	 -2.8793	 -1.3236
   37	 -2.7141	 -0.0436
   37	 -2.5947	  1.7168
   37	 -2.7167	  2.8099
   37	 -1.3779	 -2.5263
   37	 -1.1548	 -1.5241
   37	 -1.6183	  0.1531
   37	 -1.6111	  1.4981
   37	 -1.3823	  2.8541
   37	 -0.2364	 -2.9975
   37	  0.1138	 -1.2578
   37	  0.1321	 -0.2045
   37	  0.2209	  1.3469
   37	  0.0553	  2.9167
   37	  1.3070	 -2.9408
   37	  1.3901	 -1.2976
   37	  1.2206	 -0.2052
   37	  1.5640	  1.2875
   37	  1.6557	  2.6600
   37	  2.5825	 -3.0282
   37	  2.8006	 -1.1247
   37	  2.7569	 -0.1303
   37	  2.8825	  1.2096
   37	  2.6704	  2.6734
   38	 -3.0734	 -2.5137
   38	 -2.8807	 -1.3211
   38	 -2.7110	 -0.0448
   38	 -2.5908	  1.7255
   38	 -2.7136	  2.8094
   38	 -1.3772	 -2.5196
   38	 -1.1475	 -1.5256
   38	 -1.6238	  0.1573
   38	 -1.6140	  1.4999
   38	 -1.3815	  2.8548
   38	 -0.2428	 -3.0021
   38	  0.1169	 -1.2542
   38	  0.1356	 -0.2093
   38	  0.2269	  1.3451
   38	  0.0568	  2.9191
   38	  1.3041	 -2.9438
   38	  1.3895	 -1.2945
   38	  1.2155	 -0.2107
   38	  1.5681	  1.2841
   38	  1.6603	  2.6554
   38	  2.5759	 -3.0336
   38	  2.8000	 -1.1201
   38	  2.7549	 -0.1306
   38	  2.8839	  1.2041
   38	  2.6681	  2.6692
   39	 -3.0798	 -2.5054
   39	 -2.8820	 -1.3187
   39	 -2.7080	 -0.0460
   39	 -2.5875	  1.7341
   39	 -2.7106	  2.8090
   39	 -1.3766	 -2.5133
   39	 -1.1401	 -1.5267
   39	 -1.6293	  0.1614
   39	 -1.6162	  1.5015
   39	 -1.3806	  2.8555
   39	 -0.2492	 -3.0067
   39	  0.1199	 -1.2508
   39	  0.1389	 -0.2140
   39	  0.2329	  1.3433
   39	  0.0583	  2.9214
   39	  1.3012	 -2.9469
   39	  1.3888	 -1.2914
   39	  1.2105	 -0.2162
   39	  1.5721	  1.2807
   39	  1.6644	  2.6509
   39	  2.5692	 -3.0390
   39	  2.7994	 -1.1163
   39	  2.7528	 -0.1302
   39	  2.8854	  1.1986
   39	  2.6663	  2.6650
   40	 -3.0863	 -2.4971
   40	 -2.8834	 -1.3162
   40	 -2.7050	 -0.0472
   40	 -2.5849	  1.7429
   40	 -2.7076	  2.8088
   40	 -1.3761	 -2.5075
   40	 -1.1326	 -1.5273
   40	 -1.6347	  0.1656
   40	 -1.6179	  1.5030
   40	 -1.3797	  2.8562
   40	 -0.2556	 -3.0113
   40	  0.1230	 -1.2478
   40	  0.1422	 -0.2183
   40	  0.2389	  1.3414
   40	  0.0598	  2.9238
   40	  1.2983	 -2.9499
   40	  1.3882	 -1.2884
   40	  1.2056	 -0.2216
   40	  1.5762	  1.2773
   40	  1.6678	  2.6463
   40	  2.5626	 -3.0444
   40	  2.7988	 -1.1131
   40	  2.7506	 -0.1290
   40	  2.8868	  1.1931
   40	  2.6650	  2.6609
   41	 -3.0927	 -2.4888
   41	 -2.8848	 -1.3138
   41	 -2.7020	 -0.0484
   41	 -2.5828	  1.7516
   41	 -2.7047	  2.8086
   41	 -1.3758	 -2.5022
   41	 -1.1250	 -1.5275
   41	 -1.6401	  0.1698
   41	 -1.6190	  1.5044
   41	 -1.3789	  2.8569
   41	 -0.2620	 -3.0158
   41	  0.1260	 -1.2450
   41	  0.1452	 -0.2224
   41	  0.2448	  1.3396
   41	  0.0612	  2.9262
   41	  1.2954	 -2.9530
   41	  1.3876	 -1.2855
   41	  1.2008	 -0.2269
   41	  1.5802	  1.2738
   41	  1.6707	  2.6417
   41	  2.5559	 -3.0498
   41	  2.7983	 -1.1108
   41	  2.7485	 -0.1270
   41	  2.8883	  1.1875
   41	  2.6644	  2.6567
   42	 -3.0992	 -2.4806
   42	 -2.8862	 -1.3113
   42	 -2.6992	 -0.0496
   42	 -2.5813	  1.7604
   42	 -2.7017	  2.8086
   42	 -1.3755	 -2.4973
   42	 -1.1172	 -1.5271
   42	 -1.6454	  0.1739
   42	 -1.6194	  1.5056
   42	 -1.3780	  2.8576
   42	 -0.2684	 -3.0204
   42	  0.1291	 -1.2427
   42	  0.1482	 -0.2260
   42	  0.2508	  1.3378
   42	  0.0627	  2.9286
   42	  1.2926	 -2.9560
   42	  1.3870	 -1.2827
   42	  1.1962	 -0.2321
   42	  1.5843	  1.2704
   42	  1.6729	  2.6371
   42	  2.5493	 -3.0552
   42	  2.7978	 -1.1093
   42	  2.7463	 -0.1242
   42	  2.8898	  1.1820
   42	  2.6645	  2.6526
   43	 -3.1056	 -2.4723
   43	 -2.8875	 -1.3089
   43	 -2.6964	 -0.0508
   43	 -2.5805	  1.7692
   43	 -2.6987	  2.8087
   43	 -1.3754	 -2.4930
   43	 -1.1093	 -1.5262
   43	 -1.6506	  0.1781
   43	 -1.6191	  1.5066
   43	 -1.3772	  2.8583
   43	 -0.2748	 -3.0250
   43	  0.1321	 -1.2408
   43	  0.1509	 -0.2292
   43	  0.2568	  1.3360
   43	  0.0642	  2.9310
   43	  1.2897	 -2.9590
   43	  1.3864	 -1.2800
   43	  1.1918	 -0.2372
   43	  1.5883	  1.2670
   43	  1.6744	  2.6324
   43	  2.5426	 -3.0606
   43	  2.7974	 -1.1085
   43	  2.7440	 -0.1207
   43	  2.8912	  1.1765
   43	  2.6653	  2.6485
   44	 -3.1120	 -2.4640
   44	 -2.8889	 -1.3064
   44	 -2.6937	 -0.0521
   44	 -2.5802	  1.7779
   44	 -2.6958	  2.8091
   44	 -1.3755	 -2.4893
   44	 -1.1012	 -1.5248
   44	 -1.6556	  0.1824
   44	 -1.6183	  1.5074
   44	 -1.3763	  2.8589
   44	 -0.2812	 -3.0295
   44	  0.1351	 -1.2393
   44	  0.1533	 -0.2320
   44	  0.2627	  1.3342
   44	  0.0657	  2.9334
   44	  1.2868	 -2.9621
   44	  1.3859	 -1.2775
   44	  1.1876	 -0.2421
   44	  1.5924	  1.2636
   44	  1.6751	  2.6278
   44	  2.5360	 -3.0660
   44	  2.7970	 -1.1085
   44	  2.7417	 -0.1164
   44	  2.8927	  1.1709
   44	  2.6668	  2.6444
   45	 -3.1185	 -2.4557
   45	 -2.8903	 -1.3040
   45	 -2.6912	 -0.0534
   45	 -2.5805	  1.7865
   45	 -2.6929	  2.8098
   45	 -1.3757	 -2.4861
   45	 -1.0930	 -1.5228
   45	 -1.6606	  0.1866
   45	 -1.6169	  1.5081
   45	 -1.3754	  2.8596
   45	 -0.2875	 -3.0341
   45	  0.1381	 -1.2384
   45	  0.1555	 -0.2342
   45	  0.2687	  1.3323
   45	  0.0672	  2.9357
   45	  1.2839	 -2.9651
   45	  1.3854	 -1.2751
   45	  1.1837	 -0.2469
   45	  1.5964	  1.2601
   45	  1.6752	  2.6232
   45	  2.5293	 -3.0714
   45	  2.7966	 -1.1092
   45	  2.7394	 -0.1115
   45	  2.8941	  1.1654
   45	  2.6690	  2.6403
   46	 -3.1249	 -2.4474
   46	 -2.8917	 -1.3016
   46	 -2.6889	 -0.0547
   46	 -2.5813	  1.7950
   46	 -2.6901	  2.8108
   46	 -1.3761	 -2.4834
   46	 -1.0847	 -1.5203
   46	 -1.6653	  0.1909
   46	 -1.6149	  1.5086
   46	 -1.3746	  2.8603
   46	 -0.2939	 -3.0387
   46	  0.1411	 -1.2381
   46	  0.1573	 -0.2358
   46	  0.2747	  1.3305
   46	  0.0687	  2.9381
   46	  1.2810	 -2.9681
   46	  1.3849	 -1.2730
   46	  1.1801	 -0.2514
   46	  1.6005	  1.2567
   46	  1.6746	  2.6185
   46	  2.5227	 -3.0768
   46	  2.7963	 -1.1104
   46	  2.7371	 -0.1059
   46	  2.8956	  1.1599
   46	  2.6718	  2.6362
   47	 -3.1314	 -2.4392
   47	 -2.8930	 -1.2991
   47	 -2.6867	 -0.0561
   47	 -2.5826	  1.8031
   47	 -2.6873	  2.8121
   47	 -1.3766	 -2.4812
   47	 -1.0761	 -1.5172
   47	 -1.6699	  0.1953
   47	 -1.6124	  1.5090
   47	 -1.3737	  2.8610
   47	 -0.3003	 -3.0432
   47	  0.1441	 -1.2383
   47	  0.1588	 -0.2369
   47	  0.2807	  1.3287
   47	  0.0702	  2.9405
   47	  1.2781	 -2.9712
   47	  1.3845	 -1.2711
   47	  1.1768	 -0.2557
   47	  1.6045	  1.2533
   47	  1.6734	  2.6138
   47	  2.5160	 -3.0822
   47	  2.7960	 -1.1122
   47	  2.7347	 -0.0998
   47	  2.8971	  1.1544
   47	  2.6753	  2.6321
   48	 -3.1378	 -2.4309
   48	 -2.8944	 -1.2967
   48	 -2.6848	 -0.0576
   48	 -2.5842	  1.8110
   48	 -2.6845	  2.8140
   48	 -1.3773	 -2.4795
   48	 -1.0675	 -1.5137
   48	 -1.6743	  0.1997
   48	 -1.6095	  1.5092
   48	 -1.3728	  2.8617
   48	 -0.3067	 -3.0478
   48	  0.1471	 -1.2390
   48	  0.1598	 -0.2374
   48	  0.2866	  1.3269
   48	  0.0717	  2.9429
   48	  1.2752	 -2.9742
   48	  1.3841	 -1.2695
   48	  1.1739	 -0.2597
   48	  1.6086	  1.2499
   48	  1.6715	  2.6092
   48	  2.5094	 -3.0876
   48	  2.7957	 -1.1144
   48	  2.7322	 -0.0933
   48	  2.8985	  1.1488
   48	  2.6794	  2.6280
   49	 -3.1443	 -2.4226
   49	 -2.8958	 -1.2942
   49	 -2.6831	 -0.0591
   49	 -2.5862	  1.8185
   49	 -2.6818	  2.8163
   49	 -1.3781	 -2.4783
   49	 -1.0587	 -1.5098
   49	 -1.6784	  0.2041
   49	 -1.6062	  1.5094
   49	 -1.3720	  2.8624
   49	 -0.3131	 -3.0524
   49	  0.1501	 -1.2404
   49	  0.1604	 -0.2373
   49	  0.2926	  1.3251
   49	  0.0732	  2.9453
   49	  1.2723	 -2.9772
   49	  1.3838	 -1.2683
   49	  1.1714	 -0.2634
   49	  1.6126	  1.2464
   49	  1.6692	  2.6045
   49	  2.5028	 -3.0930
   49	  2.7955	 -1.1171
   49	  2.7298	 -0.0864
   49	  2.9000	  1.1433
   49	  2.6840	  2.6240
   50	 -3.1507	 -2.4143
   50	 -2.8972	 -1.2918
   50	 -2.6817	 -0.0606
   50	 -2.5885	  1.8255
   50	 -2.6791	  2.8192
   50	 -1.3791	 -2.4774
   50	 -1.0497	 -1.5055
   50	 -1.6822	  0.2087
   50	 -1.6026	  1.5094
   50	 -1.3711	  2.8631
   50	 -0.3195	 -3.0570
   50	  0.1531	 -1.2423
   50	  0.1605	 -0.2366
   50	  0.2986	  1.3232
   50	  0.0747	  2.9477
   50	  1.2694	 -2.9803
   50	  1.3836	 -1.2673
   50	  1.1693	 -0.2668
   50	  1.6167	  1.2430
   50	  1.6664	  2.5998
   50	  2.4961	 -3.0984
   50	  2.7953	 -1.1200
   50	  2.7273	 -0.0791
   50	  2.9014	  1.1378
   50	  2.6890	  2.6199
   51	 -3.1572	 -2.4060
   51	 -2.8985	 -1.2893
   51	 -2.6805	 -0.0623
   51	 -2.5910	  1.8320
   51	 -2.6765	  2.8228
   51	 -1.3801	 -2.4769
   51	 -1.0407	 -1.5008
   51	 -1.6858	  0.2133
   51	 -1.5987	  1.5093
   51	 -1.3703	  2.8638
   51	 -0.3259	 -3.0615
   51	  0.1561	 -1.2448
   51	  0.1601	 -0.2353
   51	  0.3045	  1.3214
   51	  0.0762	  2.9501
   51	  1.2665	 -2.9833
   51	  1.3835	 -1.2668
   51	  1.1676	 -0.2698
   51	  1.6207	  1.2396
   51	  1.6633	  2.5951
   51	  2.4895	 -3.1038
   51	  2.7951	 -1.1232
   51	  2.7249	 -0.0716
   51	  2.9029	  1.1322
   51	  2.6944	  2.6159
   52	 -3.1636	 -2.3977
   52	 -2.8999	 -1.2869
   52	 -2.6797	 -0.0640
   52	 -2.5936	  1.8379
   52	 -2.6740	  2.8270
   52	 -1.3813	 -2.4766
   52	 -1.0315	 -1.4958
   52	 -1.6891	  0.2180
   52	 -1.5946	  1.5092
   52	 -1.3694	  2.8645
   52	 -0.3323	 -3.0661
   52	  0.1590	 -1.2478
   52	  0.1593	 -0.2336
   52	  0.3105	  1.3196
   52	  0.0777	  2.9524
   52	  1.2636	 -2.9864
   52	  1.3834	 -1.2666
   52	  1.1663	 -0.2725
   52	  1.6248	  1.2362
   52	  1.6598	  2.5904
   52	  2.4828	 -3.1092
   52	  2.7949	 -1.1265
   52	  2.7224	 -0.0640
   52	  2.9044	  1.1267
   52	  2.7001	  2.6119
   53	 -3.1701	 -2.3895
   53	 -2.9013	 -1.2844
   53	 -2.6792	 -0.0658
   53	 -2.5964	  1.8431
   53	 -2.6715	  2.8319
   53	 -1.3825	 -2.4766
   53	 -1.0223	 -1.4906
   53	 -1.6920	  0.2228
   53	 -1.5902	  1.5090
   53	 -1.3685	  2.8652
   53	 -0.3387	 -3.0707
   53	  0.1620	 -1.2512
   53	  0.1579	 -0.2314
   53	  0.3165	  1.3178
   53	  0.0792	  2.9548
   53	  1.2607	 -2.9894
   53	  1.3835	 -1.2668
   53	  1.1655	 -0.2747
   53	  1.6288	  1.2328
   53	  1.6561	  2.5857
   53	  2.4762	 -3.1146
   53	  2.7947	 -1.1301
   53	  2.7199	 -0.0562
   53	  2.9058	  1.1212
   53	  2.7061	  2.6078
   54	 -3.1765	 -2.3812
   54	 -2.9027	 -1.2820
   54	 -2.6790	 -0.0678
   54	 -2.5993	  1.8477
   54	 -2.6691	  2.8375
   54	 -1.3838	 -2.4768
   54	 -1.0130	 -1.4852
   54	 -1.6947	  0.2276
   54	 -1.5858	  1.5087
   54	 -1.3677	  2.8659
   54	 -0.3451	 -3.0752
   54	  0.1650	 -1.2550
   54	  0.1559	 -0.2287
   54	  0.3225	  1.3160
   54	  0.0807	  2.9572
   54	  1.2578	 -2.9924
   54	  1.3836	 -1.2675
   54	  1.1651	 -0.2766
   54	  1.6329	  1.2293
   54	  1.6521	  2.5809
   54	  2.4695	 -3.1200
   54	  2.7945	 -1.1337
   54	  2.7174	 -0.0482
   54	  2.9073	  1.1156
   54	  2.7123	  2.6038
   55	 -3.1829	 -2.3729
   55	 -2.9040	 -1.2795
   55	 -2.6791	 -0.0698
   55	 -2.6023	  1.8517
   55	 -2.6667	  2.8437
   55	 -1.3852	 -2.4772
   55	 -1.0036	 -1.4797
   55	 -1.6969	  0.2326
   55	 -1.5812	  1.5084
   55	 -1.3668	  2.8666
   55	 -0.3514	 -3.0798
   55	  0.1679	 -1.2592
   55	  0.1535	 -0.2257
   55	  0.3284	  1.3142
   55	  0.0822	  2.9596
   55	  1.2549	 -2.9955
   55	  1.3838	 -1.2686
   55	  1.1650	 -0.2780
   55	  1.6369	  1.2259
   55	  1.6480	  2.5762
   55	  2.4629	 -3.1253
   55	  2.7943	 -1.1373
   55	  2.7149	 -0.0403
   55	  2.9087	  1.1101
   55	  2.7187	  2.5998
   56	 -3.1894	 -2.3646
   56	 -2.9054	 -1.2771
   56	 -2.6796	 -0.0719
   56	 -2.6053	  1.8550
   56	 -2.6643	  2.8507
   56	 -1.3866	 -2.4777
   56	 -0.9942	 -1.4740
   56	 -1.6989	  0.2377
   56	 -1.5765	  1.5081
   56	 -1.3660	  2.8673
   56	 -0.3578	 -3.0844
   56	  0.1709	 -1.2637
   56	  0.1507	 -0.2223
   56	  0.3344	  1.3123
   56	  0.0837	  2.9620
   56	  1.2520	 -2.9985
   56	  1.3842	 -1.2702
   56	  1.1654	 -0.2790
   56	  1.6410	  1.2225
   56	  1.6438	  2.5715
   56	  2.4562	 -3.1307
   56	  2.7942	 -1.1411
   56	  2.7123	 -0.0322
   56	  2.9102	  1.1046
   56	  2.7252	  2.5958
   57	 -3.1958	 -2.3563
   57	 -2.9068	 -1.2746
   57	 -2.6804	 -0.0741
   57	 -2.6084	  1.8577
   57	 -2.6620	  2.8583
   57	 -1.3881	 -2.4782
   57	 -0.9847	 -1.4682
   57	 -1.7005	  0.2429
   57	 -1.5717	  1.5077
   57	 -1.3651	  2.8680
   57	 -0.3642	 -3.0889
   57	  0.1739	 -1.2685
   57	  0.1473	 -0.2187
   57	  0.3404	  1.3105
   57	  0.0852	  2.9643
   57	  1.2491	 -3.0015
   57	  1.3846	 -1.2722
   57	  1.1660	 -0.2796
   57	  1.6450	  1.2191
   57	  1.6395	  2.5668
   57	  2.4496	 -3.1361
   57	  2.7940	 -1.1448
   57	  2.7098	 -0.0242
   57	  2.9117	  1.0991
   57	  2.7318	  2.5918
   58	 -3.2023	 -2.3480
   58	 -2.9081	 -1.2722
   58	 -2.6815	 -0.0764
   58	 -2.6115	  1.8599
   58	 -2.6598	  2.8664
   58	 -1.3896	 -2.4789
   58	 -0.9752	 -1.4624
   58	 -1.7019	  0.2481
   58	 -1.5669	  1.5073
   58	 -1.3642	  2.8687
   58	 -0.3706	 -3.0935
   58	  0.1769	 -1.2734
   58	  0.1436	 -0.2148
   58	  0.3463	  1.3087
   58	  0.0867	  2.9667
   58	  1.2462	 -3.0046
   58	  1.3851	 -1.2746
   58	  1.1670	 -0.2798
   58	  1.6491	  1.2156
   58	  1.6351	  2.5620
   58	  2.4429	 -3.1415
   58	  2.7938	 -1.1485
   58	  2.7073	 -0.0162
   58	  2.9131	  1.0935
   58	  2.7384	  2.5878
   59	 -3.2087	 -2.3398
   59	 -2.9095	 -1.2697
   59	 -2.6829	 -0.0788
   59	 -2.6145	  1.8615
   59	 -2.6575	  2.8751
   59	 -1.3911	 -2.4796
   59	 -0.9658	 -1.4565
   59	 -1.7029	  0.2535
   59	 -1.5620	  1.5070
   59	 -1.3634	  2.8694
   59	 -0.3771	 -3.0980
   59	  0.1799	 -1.2786
   59	  0.1395	 -0.2107
   59	  0.3523	  1.3069
   59	  0.0882	  2.9690
   59	  1.2433	 -3.0076
   59	  1.3857	 -1.2774
   59	  1.1683	 -0.2796
   59	  1.6531	  1.2122
   59	  1.6307	  2.5573
   59	  2.4363	 -3.1469
   59	  2.7937	 -1.1523
   59	  2.7048	 -0.0081
   59	  2.9146	  1.0880
   59	  2.7450	  2.5837
   60	 -3.2152	 -2.3315
   60	 -2.9109	 -1.2672
   60	 -2.6846	 -0.0814
   60	 -2.6176	  1.8627
   60	 -2.6553	  2.8843
   60	 -1.3926	 -2.4803
   60	 -0.9562	 -1.4506
   60	 -1.7036	  0.2590
   60	 -1.5572	  1.5066
   60	 -1.3625	  2.8700
   60	 -0.3835	 -3.1025
   60	  0.1829	 -1.2838
   60	  0.1351	 -0.2065
   60	  0.3583	  1.3051
   60	  0.0897	  2.9714
   60	  1.2404	 -3.0107
   60	  1.3864	 -1.2806
   60	  1.1698	 -0.2790
   60	  1.6572	  1.2088
   60	  1.6263	  2.5526
   60	  2.4296	 -3.1523
   60	  2.7935	 -1.1560
   60	  2.7023	 -0.0001
   60	  2.9161	  1.0825
   60	  2.7517	  2.5797
   61	 -3.2217	 -2.3233
   61	 -2.9122	 -1.2647
   61	 -2.6865	 -0.0840
   61	 -2.6207	  1.8636
   61	 -2.6531	  2.8938
   61	 -1.3941	 -2.4810
   61	 -0.9467	 -1.4447
   61	 -1.7041	  0.2646
   61	 -1.5523	  1.5062
   61	 -1.3616	  2.8707
   61	 -0.3899	 -3.1070
   61	  0.1859	 -1.2892
   61	  0.1304	 -0.2022
   61	  0.3643	  1.3032
   61	  0.0912	  2.9736
   61	  1.2375	 -3.0137
   61	  1.3872	 -1.2842
   61	  1.1715	 -0.2781
   61	  1.6612	  1.2054
   61	  1.6219	  2.5478
   61	  2.4230	 -3.1577
   61	  2.7933	 -1.1597
   61	  2.6997	  0.0079
   61	  2.9175	  1.0770
   61	  2.7584	  2.5757
   62	 -3.2281	 -2.3151
   62	 -2.9136	 -1.2622
   62	 -2.6887	 -0.0867
   62	 -2.6238	  1.8641
   62	 -2.6509	  2.9036
   62	 -1.3956	 -2.4817
   62	 -0.9372	 -1.4388
   62	 -1.7044	  0.2702
   62	 -1.5474	  1.5058
   62	 -1.3608	  2.8714
   62	 -0.3964	 -3.1114
   62	  0.1889	 -1.2946
   62	  0.1254	 -0.1977
   62	  0.3702	  1.3014
   62	  0.0928	  2.9759
   62	  1.2346	 -3.0167
   62	  1.3880	 -1.2881
   62	  1.1733	 -0.2769
   62	  1.6653	  1.2019
   62	  1.6175	  2.5431
   62	  2.4163	 -3.1631
   62	  2.7932	 -1.1635
   62	  2.6972	  0.0158
   62	  2.9190	  1.0716
   62	  2.7651	  2.5717
   63	 -3.2346	 -2.3070
   63	 -2.9149	 -1.2596
   63	 -2.6911	 -0.0894
   63	 -2.6268	  1.8643
   63	 -2.6487	  2.9137
   63	 -1.3971	 -2.4824
   63	 -0.9277	 -1.4329
   63	 -1.7044	  0.2760
   63	 -1.5425	  1.5054
   63	 -1.3599	  2.8721
   63	 -0.4028	 -3.1158
   63	  0.1919	 -1.3000
   63	  0.1203	 -0.1933
   63	  0.3762	  1.2996
   63	  0.0944	  2.9781
   63	  1.2317	 -3.0198
   63	  1.3889	 -1.2923
   63	  1.1753	 -0.2754
   63	  1.6693	  1.1985
   63	  1.6130	  2.5384
   63	  2.4097	 -3.1685
   63	  2.7930	 -1.1672
   63	  2.6947	  0.0237
   63	  2.9205	  1.0662
   63	  2.7717	  2.5677
   64	 -3.2411	 -2.2989
   64	 -2.9163	 -1.2570
   64	 -2.6937	 -0.0923
   64	 -2.6299	  1.8643
   64	 -2.6465	  2.9240
   64	 -1.3987	 -2.4831
   64	 -0.9182	 -1.4270
   64	 -1.7042	  0.2817
   64	 -1.5377	  1.5050
   64	 -1.3591	  2.8728
   64	 -0.4093	 -3.1202
   64	  0.1949	 -1.3055
   64	  0.1150	 -0.1888
   64	  0.3822	  1.2978
   64	  0.0960	  2.9803
   64	  1.2288	 -3.0228
   64	  1.3899	 -1.2968
   64	  1.1775	 -0.2737
   64	  1.6734	  1.1951
   64	  1.6086	  2.5337
   64	  2.4031	 -3.1739
   64	  2.7928	 -1.1710
   64	  2.6921	  0.0314
   64	  2.9220	  1.0610
   64	  2.7784	  2.5637
   65	 -3.2476	 -2.2908
   65	 -2.9176	 -1.2543
   65	 -2.6964	 -0.0952
   65	 -2.6329	  1.8642
   65	 -2.6443	  2.9345
   65	 -1.4002	 -2.4838
   65	 -0.9087	 -1.4211
   65	 -1.7039	  0.2876
   65	 -1.5328	  1.5046
   65	 -1.3582	  2.8735
   65	 -0.4158	 -3.1245
   65	  0.1979	 -1.3110
   65	  0.1095	 -0.1842
   65	  0.3881	  1.2960
   65	  0.0976	  2.9824
   65	  1.2259	 -3.0258
   65	  1.3909	 -1.3015
   65	  1.1797	 -0.2717
   65	  1.6774	  1.1917
   65	  1.6042	  2.5289
   65	  2.3964	 -3.1793
   65	  2.7926	 -1.1747
   65	  2.6894	  0.0389
   65	  2.9236	  1.0560
   65	  2.7851	  2.5597
   66	 -3.2542	 -2.2828
   66	 -2.9188	 -1.2515
   66	 -2.6993	 -0.0981
   66	 -2.6360	  1.8639
   66	 -2.6421	  2.9451
   66	 -1.4017	 -2.4845
   66	 -0.8992	 -1.4152
   66	 -1.7035	  0.2935
   66	 -1.5279	  1.5042
   66	 -1.3573	  2.8742
   66	 -0.4224	 -3.1287
   66	  0.2009	 -1.3165
   66	  0.1039	 -0.1797
   66	  0.3941	  1.2941
   66	  0.0992	  2.9845
   66	  1.2230	 -3.0289
   66	  1.3919	 -1.3064
   66	  1.1820	 -0.2696
   66	  1.6815	  1.1882
   66	  1.5998	  2.5242
   66	  2.3898	 -3.1847
   66	  2.7925	 -1.1784
   66	  2.6868	  0.0462
   66	  2.9252	  1.0512
   66	  2.7917	  2.5556
   67	 -3.2607	 -2.2749
   67	 -2.9201	 -1.2487
   67	 -2.7023	 -0.1011
   67	 -2.6390	  1.8635
   67	 -2.6399	  2.9558
   67	 -1.4032	 -2.4852
   67	 -0.8898	 -1.4093
   67	 -1.7029	  0.2995
   67	 -1.5231	  1.5038
   67	 -1.3565	  2.8749
   67	 -0.4290	 -3.1329
   67	  0.2040	 -1.3220
   67	  0.0982	 -0.1752
   67	  0.4001	  1.2923
   67	  0.1009	  2.9865
   67	  1.2201	 -3.0319
   67	  1.3930	 -1.3114
   67	  1.1843	 -0.2673
   67	  1.6855	  1.1848
   67	  1.5954	  2.5195
   67	  2.3831	 -3.1901
   67	  2.7923	 -1.1822
   67	  2.6840	  0.0532
   67	  2.9269	  1.0467
   67	  2.7984	  2.5516
   68	 -3.2673	 -2.2671
   68	 -2.9213	 -1.2458
   68	 -2.7054	 -0.1041
   68	 -2.6420	  1.8631
   68	 -2.6377	  2.9666
   68	 -1.4047	 -2.4859
   68	 -0.8804	 -1.4034
   68	 -1.7022	  0.3055
   68	 -1.5182	  1.5034
   68	 -1.3556	  2.8756
   68	 -0.4356	 -3.1371
   68	  0.2071	 -1.3274
   68	  0.0925	 -0.1706
   68	  0.4061	  1.2905
   68	  0.1026	  2.9885
   68	  1.2172	 -3.0350
   68	  1.3941	 -1.3167
   68	  1.1867	 -0.2648
   68	  1.6896	  1.1814
   68	  1.5910	  2.5147
   68	  2.3765	 -3.1955
   68	  2.7921	 -1.1859
   68	  2.6812	  0.0598
   68	  2.9287	  1.0426
   68	  2.8051	  2.5476
   69	 -3.2739	 -2.2594
   69	 -2.9225	 -1.2428
   69	 -2.7085	 -0.1072
   69	 -2.6451	  1.8627
   69	 -2.6355	  2.9773
   69	 -1.4062	 -2.4866
   69	 -0.8710	 -1.3976
   69	 -1.7015	  0.3115
   69	 -1.5133	  1.5030
   69	 -1.3548	  2.8763
   69	 -0.4422	 -3.1412
   69	  0.2103	 -1.3329
   69	  0.0867	 -0.1661
   69	  0.4120	  1.2887
   69	  0.1044	  2.9904
   69	  1.2143	 -3.0380
   69	  1.3952	 -1.3220
   69	  1.1891	 -0.2622
   69	  1.6936	  1.1780
   69	  1.5865	  2.5100
   69	  2.3698	 -3.2009
   69	  2.7920	 -1.1896
   69	  2.6782	  0.0660
   69	  2.9306	  1.0390
   69	  2.8118	  2.5436
   70	 -3.2806	 -2.2517
   70	 -2.9237	 -1.2397
   70	 -2.7117	 -0.1103
   70	 -2.6481	  1.8622
   70	 -2.6333	  2.9881
   70	 -1.4077	 -2.4873
   70	 -0.8617	 -1.3917
   70	 -1.7007	  0.3175
   70	 -1.5084	  1.5026
   70	 -1.3539	  2.8770
   70	 -0.4489	 -3.1452
   70	  0.2135	 -1.3384
   70	  0.0809	 -0.1615
   70	  0.4180	  1.2869
   70	  0.1061	  2.9922
   70	  1.2114	 -3.0410
   70	  1.3964	 -1.3274
   70	  1.1915	 -0.2596
   70	  1.6977	  1.1745
   70	  1.5821	  2.5053
   70	  2.3632	 -3.2063
   70	  2.7918	 -1.1934
   70	  2.6751	  0.0717
   70	  2.9326	  1.0358
   70	  2.8184	  2.5396
   71	 -3.2873	 -2.2442
   71	 -2.9248	 -1.2365
   71	 -2.7150	 -0.1134
   71	 -2.6512	  1.8618
   71	 -2.6311	  2.9989
   71	 -1.4093	 -2.4880
   71	 -0.8526	 -1.3858
   71	 -1.6999	  0.3236
   71	 -1.5036	  1.5023
   71	 -1.3530	  2.8777
   71	 -0.4556	 -3.1492
   71	  0.2169	 -1.3438
   71	  0.0751	 -0.1569
   71	  0.4240	  1.2850
   71	  0.1080	  2.9940
   71	  1.2085	 -3.0441
   71	  1.3975	 -1.3329
   71	  1.1939	 -0.2569
   71	  1.7017	  1.1711
   71	  1.5777	  2.5006
   71	  2.3565	 -3.2117
   71	  2.7916	 -1.1971
   71	  2.6719	  0.0767
   71	  2.9348	  1.0333
   71	  2.8251	  2.5356
   72	 -3.2940	 -2.2368
   72	 -2.9259	 -1.2332
   72	 -2.7183	 -0.1165
   72	 -2.6542	  1.8613
   72	 -2.6289	  3.0097
   72	 -1.4108	 -2.4887
   72	 -0.8435	 -1.3799
   72	 -1.6990	  0.3297
   72	 -1.4987	  1.5019
   72	 -1.3522	  2.8784
   72	 -0.4623	 -3.1531
   72	  0.2204	 -1.3493
   72	  0.0693	 -0.1524
   72	  0.4299	  1.2832
   72	  0.1098	  2.9957
   72	  1.2056	 -3.0471
   72	  1.3987	 -1.3384
   72	  1.1962	 -0.2541
   72	  1.7058	  1.1677
   72	  1.5733	  2.4958
   72	  2.3499	 -3.2171
   72	  2.7915	 -1.2009
   72	  2.6684	  0.0811
   72	  2.9372	  1.0314
   72	  2.8318	  2.5316
   73	 -3.3008	 -2.2295
   73	 -2.9270	 -1.2297
   73	 -2.7216	 -0.1196
   73	 -2.6573	  1.8609
   73	 -2.6268	  3.0205
   73	 -1.4123	 -2.4894
   73	 -0.8346	 -1.3740
   73	 -1.6981	  0.3358
   73	 -1.4938	  1.5015
   73	 -1.3513	  2.8791
   73	 -0.4691	 -3.1569
   73	  0.2240	 -1.3547
   73	  0.0635	 -0.1478
   73	  0.4359	  1.2814
   73	  0.1117	  2.9973
   73	  1.2028	 -3.0501
   73	  1.3999	 -1.3440
   73	  1.1986	 -0.2513
   73	  1.7098	  1.1643
   73	  1.5689	  2.4911
   73	  2.3432	 -3.2225
   73	  2.7913	 -1.2046
   73	  2.6648	  0.0847
   73	  2.9398	  1.0303
   73	  2.8385	  2.5276
   74	 -3.3076	 -2.2223
   74	 -2.9280	 -1.2262
   74	 -2.7249	 -0.1228
   74	 -2.6603	  1.8604
   74	 -2.6246	  3.0313
   74	 -1.4138	 -2.4901
   74	 -0.8259	 -1.3682
   74	 -1.6972	  0.3419
   74	 -1.4889	  1.5011
   74	 -1.3504	  2.8798
   74	 -0.4760	 -3.1607
   74	  0.2278	 -1.3602
   74	  0.0577	 -0.1433
   74	  0.4419	  1.2796
   74	  0.1136	  2.9989
   74	  1.1999	 -3.0532
   74	  1.4011	 -1.3496
   74	  1.2010	 -0.2485
   74	  1.7139	  1.1609
   74	  1.5645	  2.4864
   74	  2.3366	 -3.2279
   74	  2.7911	 -1.2083
   74	  2.6609	  0.0876
   74	  2.9426	  1.0299
   74	  2.8451	  2.5235
   75	 -3.3145	 -2.2153
   75	 -2.9289	 -1.2225
   75	 -2.7282	 -0.1259
   75	 -2.6634	  1.8599
   75	 -2.6224	  3.0421
   75	 -1.4153	 -2.4909
   75	 -0.8174	 -1.3623
   75	 -1.6964	  0.3479
   75	 -1.4841	  1.5007
   75	 -1.3496	  2.8805
   75	 -0.4828	 -3.1644
   75	  0.2318	 -1.3656
   75	  0.0519	 -0.1387
   75	  0.4479	  1.2778
   75	  0.1156	  3.0005
   75	  1.1970	 -3.0562
   75	  1.4023	 -1.3551
   75	  1.2034	 -0.2457
   75	  1.7179	  1.1574
   75	  1.5600	  2.4816
   75	  2.3299	 -3.2333
   75	  2.7910	 -1.2121
   75	  2.6568	  0.0897
   75	  2.9457	  1.0303
   75	  2.8518	  2.5195
   76	 -3.3214	 -2.2084
   76	 -2.9298	 -1.2187
   76	 -2.7315	 -0.1290
   76	 -2.6664	  1.8595
   76	 -2.6202	  3.0529
   76	 -1.4168	 -2.4916
   76	 -0.8091	 -1.3564
   76	 -1.6955	  0.3540
   76	 -1.4792	  1.5003
   76	 -1.3487	  2.8811
   76	 -0.4897	 -3.1680
   76	  0.2359	 -1.3711
   76	  0.0461	 -0.1342
   76	  0.4538	  1.2759
   76	  0.1176	  3.0019
   76	  1.1941	 -3.0593
   76	  1.4034	 -1.3607
   76	  1.2058	 -0.2428
   76	  1.7220	  1.1540
   76	  1.5556	  2.4769
   76	  2.3233	 -3.2387
   76	  2.7908	 -1.2158
   76	  2.6525	  0.0910
   76	  2.9489	  1.0315
   76	  2.8585	  2.5155
   77	 -3.3284	 -2.2016
   77	 -2.9307	 -1.2147
   77	 -2.7348	 -0.1321
   77	 -2.6695	  1.8590
   77	 -2.6180	  3.0637
   77	 -1.4183	 -2.4923
   77	 -0.8010	 -1.3506
   77	 -1.6946	  0.3601
   77	 -1.4743	  1.4999
   77	 -1.3479	  2.8818
   77	 -0.4967	 -3.1716
   77	  0.2404	 -1.3765
   77	  0.0403	 -0.1296
   77	  0.4598	  1.2741
   77	  0.1197	  3.0033
   77	  1.1912	 -3.0623
   77	  1.4046	 -1.3663
   77	  1.2081	 -0.2400
   77	  1.7260	  1.1506
   77	  1.5512	  2.4722
   77	  2.3167	 -3.2441
   77	  2.7906	 -1.2195
   77	  2.6479	  0.0916
   77	  2.9525	  1.0334
   77	  2.8651	  2.5115
   78	 -3.3354	 -2.1950
   78	 -2.9315	 -1.2107
   78	 -2.7381	 -0.1351
   78	 -2.6725	  1.8586
   78	 -2.6158	  3.0745
   78	 -1.4199	 -2.4930
   78	 -0.7931	 -1.3447
   78	 -1.6937	  0.3662
   78	 -1.4694	  1.4995
   78	 -1.3470	  2.8825
   78	 -0.5037	 -3.1752
   78	  0.2451	 -1.3820
   78	  0.0345	 -0.1251
   78	  0.4658	  1.2723
   78	  0.1218	  3.0047
   78	  1.1883	 -3.0653
   78	  1.4058	 -1.3719
   78	  1.2105	 -0.2372
   78	  1.7301	  1.1472
   78	  1.5468	  2.4674
   78	  2.3100	 -3.2495
   78	  2.7905	 -1.2233
   78	  2.6431	  0.0915
   78	  2.9562	  1.0361
   78	  2.8718	  2.5075
   79	 -3.3425	 -2.1885
   79	 -2.9322	 -1.2066
   79	 -2.7414	 -0.1381
   79	 -2.6756	  1.8581
   79	 -2.6136	  3.0853
   79	 -1.4214	 -2.4937
   79	 -0.7856	 -1.3388
   79	 -1.6928	  0.3723
   79	 -1.4646	  1.4991
   79	 -1.3461	  2.8832
   79	 -0.5107	 -3.1786
   79	  0.2500	 -1.3875
   79	  0.0287	 -0.1205
   79	  0.4717	  1.2705
   79	  0.1239	  3.0060
   79	  1.1854	 -3.0684
   79	  1.4070	 -1.3775
   79	  1.2129	 -0.2344
   79	  1.7341	  1.1437
   79	  1.5424	  2.4627
   79	  2.3034	 -3.2549
   79	  2.7903	 -1.2270
   79	  2.6381	  0.0908
   79	  2.9601	  1.0393
   79	  2.8785	  2.5035
   80	 -3.3496	 -2.1821
   80	 -2.9329	 -1.2024
   80	 -2.7447	 -0.1411
   80	 -2.6786	  1.8577
   80	 -2.6114	  3.0961
   80	 -1.4229	 -2.4944
   80	 -0.7783	 -1.3329
   80	 -1.6920	  0.3784
   80	 -1.4597	  1.4987
   80	 -1.3453	  2.8839
   80	 -0.5178	 -3.1821
   80	  0.2553	 -1.3930
   80	  0.0228	 -0.1159
   80	  0.4777	  1.2687
   80	  0.1261	  3.0072
   80	  1.1825	 -3.0714
   80	  1.4082	 -1.3831
   80	  1.2153	 -0.2316
   80	  1.7382	  1.1403
   80	  1.5380	  2.4580
   80	  2.2967	 -3.2603
   80	  2.7901	 -1.2308
   80	  2.6329	  0.0895
   80	  2.9643	  1.0431
   80	  2.8852	  2.4995
   81	 -3.3568	 -2.1759
   81	 -2.9336	 -1.1982
   81	 -2.7479	 -0.1439
   81	 -2.6817	  1.8572
   81	 -2.6092	  3.1069
   81	 -1.4244	 -2.4951
   81	 -0.7713	 -1.3270
   81	 -1.6911	  0.3845
   81	 -1.4548	  1.4983
   81	 -1.3444	  2.8846
   81	 -0.5249	 -3.1854
   81	  0.2608	 -1.3984
   81	  0.0170	 -0.1114
   81	  0.4837	  1.2669
   81	  0.1283	  3.0084
   81	  1.1796	 -3.0744
   81	  1.4094	 -1.3887
   81	  1.2177	 -0.2287
   81	  1.7422	  1.1369
   81	  1.5335	  2.4533
   81	  2.2901	 -3.2657
   81	  2.7899	 -1.2345
   81	  2.6276	  0.0877
   81	  2.9686	  1.0474
   81	  2.8918	  2.4955
   82	 -3.3641	 -2.1698
   82	 -2.9342	 -1.1940
   82	 -2.7511	 -0.1466
   82	 -2.6847	  1.8567
   82	 -2.6070	  3.1177
   82	 -1.4259	 -2.4958
   82	 -0.7646	 -1.3211
   82	 -1.6902	  0.3905
   82	 -1.4500	  1.4979
   82	 -1.3435	  2.8853
   82	 -0.5320	 -3.1888
   82	  0.2666	 -1.4040
   82	  0.0112	 -0.1068
   82	  0.4897	  1.2650
   82	  0.1305	  3.0095
   82	  1.1767	 -3.0775
   82	  1.4105	 -1.3942
   82	  1.2200	 -0.2259
   82	  1.7463	  1.1335
   82	  1.5291	  2.4485
   82	  2.2834	 -3.2711
   82	  2.7898	 -1.2382
   82	  2.6221	  0.0856
   82	  2.9730	  1.0520
   82	  2.8985	  2.4914
   83	 -3.3714	 -2.1638
   83	 -2.9348	 -1.1898
   83	 -2.7543	 -0.1491
   83	 -2.6878	  1.8563
   83	 -2.6048	  3.1285
   83	 -1.4274	 -2.4965
   83	 -0.7583	 -1.3151
   83	 -1.6893	  0.3966
   83	 -1.4451	  1.4976
   83	 -1.3427	  2.8860
   83	 -0.5392	 -3.1921
   83	  0.2728	 -1.4095
   83	  0.0054	 -0.1023
   83	  0.4956	  1.2632
   83	  0.1328	  3.0106
   83	  1.1738	 -3.0805
   83	  1.4117	 -1.3998
   83	  1.2224	 -0.2231
   83	  1.7503	  1.1300
   83	  1.5247	  2.4438
   83	  2.2768	 -3.2765
   83	  2.7896	 -1.2420
   83	  2.6165	  0.0831
   83	  2.9775	  1.0570
   83	  2.9052	  2.4874
   84	 -3.3788	 -2.1580
   84	 -2.9354	 -1.1857
   84	 -2.7575	 -0.1515
   84	 -2.6908	  1.8558
   84	 -2.6027	  3.1393
   84	 -1.4289	 -2.4972
   84	 -0.7522	 -1.3091
   84	 -1.6884	  0.4027
   84	 -1.4402	  1.4972
   84	 -1.3418	  2.8867
   84	 -0.5464	 -3.1953
   84	  0.2792	 -1.4151
   84	 -0.0004	 -0.0977
   84	  0.5016	  1.2614
   84	  0.1351	  3.0117
   84	  1.1709	 -3.0835
   84	  1.4129	 -1.4054
   84	  1.2248	 -0.2203
   84	  1.7544	  1.1266
   84	  1.5203	  2.4391
   84	  2.2701	 -3.2819
   84	  2.7894	 -1.2457
   84	  2.6108	  0.0804
   84	  2.9822	  1.0622
   84	  2.9119	  2.4834
   85	 -3.3862	 -2.1522
   85	 -2.9360	 -1.1817
   85	 -2.7607	 -0.1537
   85	 -2.6938	  1.8554
   85	 -2.6005	  3.1500
   85	 -1.4305	 -2.4979
   85	 -0.7463	 -1.3031
   85	 -1.6876	  0.4088
   85	 -1.4353	  1.4968
   85	 -1.3410	  2.8874
   85	 -0.5536	 -3.1986
   85	  0.2859	 -1.4207
   85	 -0.0062	 -0.0932
   85	  0.5076	  1.2596
   85	  0.1374	  3.0128
   85	  1.1680	 -3.0866
   85	  1.4141	 -1.4110
   85	  1.2272	 -0.2174
   85	  1.7584	  1.1232
   85	  1.5159	  2.4343
   85	  2.2635	 -3.2873
   85	  2.7893	 -1.2494
   85	  2.6050	  0.0775
   85	  2.9869	  1.0677
   85	  2.9185	  2.4794
   86	 -3.3937	 -2.1466
   86	 -2.9365	 -1.1777
   86	 -2.7638	 -0.1556
   86	 -2.6969	  1.8549
   86	 -2.5983	  3.1608
   86	 -1.4320	 -2.4986
   86	 -0.7408	 -1.2971
   86	 -1.6867	  0.4149
   86	 -1.4305	  1.4964
   86	 -1.3401	  2.8881
   86	 -0.5608	 -3.2018
   86	  0.2929	 -1.4263
   86	 -0.0120	 -0.0886
   86	  0.5135	  1.2578
   86	  0.1398	  3.0138
   86	  1.1651	 -3.0896
   86	  1.4153	 -1.4166
   86	  1.2296	 -0.2146
   86	  1.7625	  1.1198
   86	  1.5115	  2.4296
   86	  2.2569	 -3.2927
   86	  2.7891	 -1.2532
   86	  2.5992	  0.0744
   86	  2.9917	  1.0732
   86	  2.9252	  2.4754
   87	 -3.4012	 -2.1411
   87	 -2.9371	 -1.1740
   87	 -2.7668	 -0.1573
   87	 -2.6999	  1.8545
   87	 -2.5961	  3.1716
   87	 -1.4335	 -2.4993
   87	 -0.7355	 -1.2910
   87	 -1.6858	  0.4209
   87	 -1.4256	  1.4960
   87	 -1.3392	  2.8888
   87	 -0.5681	 -3.2049
   87	  0.3001	 -1.4320
   87	 -0.0178	 -0.0841
   87	  0.5195	  1.2559
   87	  0.1421	  3.0148
   87	  1.1621	 -3.0926
   87	  1.4164	 -1.4222
   87	  1.2319	 -0.2118
   87	  1.7665	  1.1163
   87	  1.5070	  2.4249
   87	  2.2503	 -3.2981
   87	  2.7889	 -1.2569
   87	  2.5933	  0.0712
   87	  2.9965	  1.0789
   87	  2.9319	  2.4714
   88	 -3.4088	 -2.1357
   88	 -2.9376	 -1.1705
   88	 -2.7698	 -0.1586
   88	 -2.7030	  1.8540
   88	 -2.5939	  3.1824
   88	 -1.4350	 -2.5000
   88	 -0.7305	 -1.2849
   88	 -1.6849	  0.4270
   88	 -1.4207	  1.4957
   88	 -1.3384	  2.8895
   88	 -0.5753	 -3.2081
   88	  0.3075	 -1.4377
   88	 -0.0236	 -0.0795
   88	  0.5255	  1.2541
   88	  0.1445	  3.0158
   88	  1.1592	 -3.0957
   88	  1.4176	 -1.4278
   88	  1.2343	 -0.2090
   88	  1.7706	  1.1129
   88	  1.5026	  2.4202
   88	  2.2437	 -3.3035
   88	  2.7888	 -1.2606
   88	  2.5874	  0.0680
   88	  3.0014	  1.0847
   88	  2.9385	  2.4674
   89	 -3.4164	 -2.1304
   89	 -2.9382	 -1.1672
   89	 -2.7727	 -0.1595
   89	 -2.7060	  1.8536
   89	 -2.5917	  3.1932
   89	 -1.4365	 -2.5007
   89	 -0.7256	 -1.2787
   89	 -1.6841	  0.4330
   89	 -1.4158	  1.4954
   89	 -1.3375	  2.8902
   89	 -0.5826	 -3.2113
   89	  0.3152	 -1.4434
   89	 -0.0294	 -0.0749
   89	  0.5315	  1.2523
   89	  0.1469	  3.0167
   89	  1.1562	 -3.0987
   89	  1.4188	 -1.4334
   89	  1.2367	 -0.2061
   89	  1.7746	  1.1095
   89	  1.4982	  2.4154
   89	  2.2371	 -3.3089
   89	  2.7886	 -1.2644
   89	  2.5815	  0.0647
   89	  3.0062	  1.0905
   89	  2.9452	  2.4633
   90	 -3.4241	 -2.1252
   90	 -2.9388	 -1.1642
   90	 -2.7756	 -0.1601
   90	 -2.7091	  1.8531
   90	 -2.5895	  3.2040
   90	 -1.4381	 -2.5014
   90	 -0.7210	 -1.2726
   90	 -1.6832	  0.4389
   90	 -1.4109	  1.4951
   90	 -1.3367	  2.8909
   90	 -0.5898	 -3.2145
   90	  0.3230	 -1.4491
   90	 -0.0353	 -0.0704
   90	  0.5374	  1.2505
   90	  0.1492	  3.0177
   90	  1.1531	 -3.1017
   90	  1.4201	 -1.4389
   90	  1.2391	 -0.2033
   90	  1.7787	  1.1061
   90	  1.4938	  2.4107
   90	  2.2306	 -3.3144
   90	  2.7884	 -1.2681
   90	  2.5756	  0.0614
   90	  3.0111	  1.0963
   90	  2.9519	  2.4593
   91	 -3.4318	 -2.1201
   91	 -2.9394	 -1.1616
   91	 -2.7784	 -0.1603
   91	 -2.7121	  1.8526
   91	 -2.5873	  3.2148
   91	 -1.4397	 -2.5020
   91	 -0.7165	 -1.2664
   91	 -1.6824	  0.4448
   91	 -1.4060	  1.4949
   91	 -1.3358	  2.8916
   91	 -0.5971	 -3.2176
   91	  0.3309	 -1.4549
   91	 -0.0411	 -0.0658
   91	  0.5434	  1.2487
   91	  0.1516	  3.0186
   91	  1.1501	 -3.1047
   91	  1.4214	 -1.4445
   91	  1.2415	 -0.2005
   91	  1.7827	  1.1026
   91	  1.4894	  2.4060
   91	  2.2242	 -3.3198
   91	  2.7883	 -1.2719
   91	  2.5696	  0.0581
   91	  3.0160	  1.1021
   91	  2.9586	  2.4553
   92	 -3.4396	 -2.1150
   92	 -2.9400	 -1.1593
   92	 -2.7811	 -0.1600
   92	 -2.7152	  1.8522
   92	 -2.5851	  3.2256
   92	 -1.4413	 -2.5027
   92	 -0.7121	 -1.2601
   92	 -1.6816	  0.4506
   92	 -1.4010	  1.4948
   92	 -1.3349	  2.8922
   92	 -0.6043	 -3.2208
   92	  0.3389	 -1.4607
   92	 -0.0469	 -0.0613
   92	  0.5494	  1.2468
   92	  0.1540	  3.0196
   92	  1.1469	 -3.1077
   92	  1.4227	 -1.4501
   92	  1.2438	 -0.1977
   92	  1.7868	  1.0992
   92	  1.4850	  2.4012
   92	  2.2177	 -3.3252
   92	  2.7881	 -1.2756
   92	  2.5637	  0.0548
   92	  3.0208	  1.1079
   92	  2.9652	  2.4513
   93	 -3.4474	 -2.1101
   93	 -2.9407	 -1.1574
   93	 -2.7838	 -0.1592
   93	 -2.7182	  1.8517
   93	 -2.5829	  3.2364
   93	 -1.4429	 -2.5033
   93	 -0.7079	 -1.2539
   93	 -1.6808	  0.4564
   93	 -1.3961	  1.4948
   93	 -1.3341	  2.8929
   93	 -0.6115	 -3.2241
   93	  0.3470	 -1.4666
   93	 -0.0527	 -0.0567
   93	  0.5553	  1.2450
   93	  0.1564	  3.0205
   93	  1.1438	 -3.1107
   93	  1.4242	 -1.4557
   93	  1.2462	 -0.1949
   93	  1.7908	  1.0958
   93	  1.4805	  2.3965
   93	  2.2114	 -3.3307
   93	  2.7879	 -1.2793
   93	  2.5578	  0.0515
   93	  3.0257	  1.1137
   93	  2.9719	  2.4473
   94	 -3.4552	 -2.1052
   94	 -2.9414	 -1.1559
   94	 -2.7864	 -0.1580
   94	 -2.7213	  1.8513
   94	 -2.5808	  3.2472
   94	 -1.4445	 -2.5039
   94	 -0.7038	 -1.2476
   94	 -1.6800	  0.4620
   94	 -1.3911	  1.4948
   94	 -1.3332	  2.8936
   94	 -0.6186	 -3.2273
   94	  0.3550	 -1.4724
   94	 -0.0585	 -0.0522
   94	  0.5613	  1.2432
   94	  0.1588	  3.0215
   94	  1.1405	 -3.1137
   94	  1.4257	 -1.4613
   94	  1.2486	 -0.1920
   94	  1.7949	  1.0924
   94	  1.4761	  2.3918
   94	  2.2051	 -3.3362
   94	  2.7878	 -1.2831
   94	  2.5518	  0.0482
   94	  3.0306	  1.1195
   94	  2.9786	  2.4433
   95	 -3.4631	 -2.1004
   95	 -2.9421	 -1.1549
   95	 -2.7889	 -0.1562
   95	 -2.7243	  1.8508
   95	 -2.5786	  3.2580
   95	 -1.4462	 -2.5045
   95	 -0.6997	 -1.2413
   95	 -1.6793	  0.4675
   95	 -1.3861	  1.4950
   95	 -1.3323	  2.8943
   95	 -0.6258	 -3.2306
   95	  0.3630	 -1.4783
   95	 -0.0643	 -0.0476
   95	  0.5673	  1.2414
   95	  0.1612	  3.0224
   95	  1.1372	 -3.1166
   95	  1.4273	 -1.4669
   95	  1.2510	 -0.1892
   95	  1.7989	  1.0890
   95	  1.4717	  2.3870
   95	  2.1988	 -3.3416
   95	  2.7876	 -1.2868
   95	  2.5459	  0.0449
   95	  3.0355	  1.1254
   95	  2.9852	  2.4393
   96	 -3.4711	 -2.0957
   96	 -2.9429	 -1.1542
   96	 -2.7913	 -0.1540
   96	 -2.7274	  1.8504
   96	 -2.5764	  3.2688
   96	 -1.4479	 -2.5050
   96	 -0.6958	 -1.2350
   96	 -1.6786	  0.4729
   96	 -1.3810	  1.4953
   96	 -1.3315	  2.8950
   96	 -0.6329	 -3.2339
   96	  0.3709	 -1.4842
   96	 -0.0701	 -0.0431
   96	  0.5733	  1.2396
   96	  0.1636	  3.0234
   96	  1.1338	 -3.1195
   96	  1.4291	 -1.4724
   96	  1.2533	 -0.1864
   96	  1.8030	  1.0855
   96	  1.4673	  2.3823
   96	  2.1927	 -3.3471
   96	  2.7874	 -1.2905
   96	  2.5400	  0.0416
   96	  3.0403	  1.1312
   96	  2.9919	  2.4353
   97	 -3.4790	 -2.0911
   97	 -2.9437	 -1.1539
   97	 -2.7937	 -0.1513
   97	 -2.7304	  1.8499
   97	 -2.5742	  3.2796
   97	 -1.4497	 -2.5055
   97	 -0.6918	 -1.2287
   97	 -1.6780	  0.4782
   97	 -1.3759	  1.4957
   97	 -1.3306	  2.8957
   97	 -0.6399	 -3.2372
   97	  0.3787	 -1.4901
   97	 -0.0759	 -0.0385
   97	  0.5792	  1.2377
   97	  0.1660	  3.0244
   97	  1.1304	 -3.1225
   97	  1.4311	 -1.4780
   97	  1.2557	 -0.1836
   97	  1.8070	  1.0821
   97	  1.4629	  2.3776
   97	  2.1866	 -3.3527
   97	  2.7872	 -1.2943
   97	  2.5341	  0.0383
   97	  3.0452	  1.1370
   97	  2.9986	  2.4312
   98	 -3.4871	 -2.0866
   98	 -2.9445	 -1.1540
   98	 -2.7960	 -0.1482
   98	 -2.7335	  1.8494
   98	 -2.5720	  3.2904
   98	 -1.4515	 -2.5060
   98	 -0.6879	 -1.2224
   98	 -1.6774	  0.4833
   98	 -1.3708	  1.4963
   98	 -1.3298	  2.8964
   98	 -0.6469	 -3.2406
   98	  0.3864	 -1.4960
   98	 -0.0817	 -0.0339
   98	  0.5852	  1.2359
   98	  0.1684	  3.0253
   98	  1.1268	 -3.1254
   98	  1.4333	 -1.4836
   98	  1.2581	 -0.1807
   98	  1.8111	  1.0787
   98	  1.4585	  2.3729
   98	  2.1806	 -3.3582
   98	  2.7871	 -1.2980
   98	  2.5281	  0.0350
   98	  3.0501	  1.1428
   98	  3.0053	  2.4272
   99	 -3.4952	 -2.0821
   99	 -2.9453	 -1.1544
   99	 -2.7982	 -0.1446
   99	 -2.7365	  1.8490
   99	 -2.5698	  3.3012
   99	 -1.4533	 -2.5064
   99	 -0.6841	 -1.2161
   99	 -1.6768	  0.4882
   99	 -1.3656	  1.4970
   99	 -1.3289	  2.8971
   99	 -0.6539	 -3.2441
   99	  0.3938	 -1.5019
   99	 -0.0875	 -0.0294
   99	  0.5912	  1.2341
   99	  0.1708	  3.0263
   99	  1.1232	 -3.1283
   99	  1.4357	 -1.4892
   99	  1.2605	 -0.1779
   99	  1.8151	  1.0753
   99	  1.4540	  2.3681
   99	  2.1747	 -3.3637
   99	  2.7869	 -1.3018
   99	  2.5222	  0.0317
   99	  3.0549	  1.1486
   99	  3.0119	  2.4232
  100	 -3.5033	 -2.0777
  100	 -2.9461	 -1.1552
  100	 -2.8004	 -0.1406
  100	 -2.7395	  1.8485
  100	 -2.5676	  3.3120
  100	 -1.4552	 -2.5067
  100	 -0.6802	 -1.2097
  100	 -1.6763	  0.4930
  100	 -1.3603	  1.4980
  100	 -1.3280	  2.8978
  100	 -0.6608	 -3.2475
  100	  0.4010	 -1.5079
  100	 -0.0934	 -0.0248
  100	  0.5971	  1.2323
  100	  0.1732	  3.0272
  100	  1.1194	 -3.1311
  100	  1.4383	 -1.4947
  100	  1.2629	 -0.1751
  100	  1.8192	  1.0718
  100	  1.4496	  2.3634
  100	  2.1689	 -3.3693
  100	  2.7867	 -1.3055
  100	  2.5163	  0.0283
  100	  3.0598	  1.1544
  100	  3.0186	  2.4192
